DATA_STATUS,oligo_id,sequence,backbone_class,sugar_mod,conjugate,gapmer_design,gapmer_gap,gapmer_wing_5p,gapmer_wing_3p,synthesis_vendor,purity_percent,mass_confirmed,endotoxin_eu_ml,batch_group,is_anchor
SYNTHETIC_ILLUSTRATIVE_NOT_REAL,OT-00001,ATAGTAACAAGTGGAGAAGACGGGA,PMO,mixed,lipid,,0,0,0,IDT,98.7,True,0.057,A,1
SYNTHETIC_ILLUSTRATIVE_NOT_REAL,OT-00002,GGCGCTAATACCCAACTTA,PMO,mixed,cholesterol,,0,0,0,Eurofins,93.7,True,0.021,B,1
SYNTHETIC_ILLUSTRATIVE_NOT_REAL,OT-00003,GCTCGGGTTCCAA,PMO,DNA,GalNAc,,0,0,0,IDT,92.0,True,0.281,C,1
SYNTHETIC_ILLUSTRATIVE_NOT_REAL,OT-00004,ACTCGTTCCTAAAACGACCTGGG,PO,DNA,GalNAc,,0,0,0,Eurofins,98.0,True,0.03,D,1
SYNTHETIC_ILLUSTRATIVE_NOT_REAL,OT-00005,GAAAACGAACAGACCATCCACT,LNA_mix,mixed,none,6-9-6,9,6,6,IDT,94.1,True,0.09,E,1
SYNTHETIC_ILLUSTRATIVE_NOT_REAL,OT-00006,GTTGGGCGGGGTTTTTGGGGAAGGG,2F_ANA,2F,GalNAc,,0,0,0,Eurofins,95.8,True,0.022,A,1
SYNTHETIC_ILLUSTRATIVE_NOT_REAL,OT-00007,CCTATCGACGTCGTGC,PMO,DNA,lipid,,0,0,0,IDT,99.5,True,0.183,B,1
SYNTHETIC_ILLUSTRATIVE_NOT_REAL,OT-00008,GGGGGGTCGGGCGTCGGGGG,PO,mixed,GalNAc,,0,0,0,IDT,99.4,True,0.02,C,1
SYNTHETIC_ILLUSTRATIVE_NOT_REAL,OT-00009,CGCTGGACGTACGCGTAGA,PS,DNA,cholesterol,3-12-3,12,3,3,Eurofins,96.6,True,0.008,D,1
SYNTHETIC_ILLUSTRATIVE_NOT_REAL,OT-00010,ACTACGGAGT,PNA,2F,cholesterol,,0,0,0,IDT,92.3,True,0.122,E,1
SYNTHETIC_ILLUSTRATIVE_NOT_REAL,OT-00011,CCCCTGCCCAAGAGTCCACCCCAAT,morpholino,DNA,none,,0,0,0,Eurofins,98.9,True,0.048,A,1
SYNTHETIC_ILLUSTRATIVE_NOT_REAL,OT-00012,TTTGTCGCCTTCACGC,PS,DNA,none,3-10-3,10,3,3,Eurofins,95.7,True,0.053,B,1
SYNTHETIC_ILLUSTRATIVE_NOT_REAL,OT-00013,GTTGCTGGGGGTTAAGT,PMO,mixed,GalNAc,,0,0,0,IDT,92.1,True,0.029,C,1
SYNTHETIC_ILLUSTRATIVE_NOT_REAL,OT-00014,CCCGCTGCGAAGCGTTGCGCACTGA,LNA_mix,2F,none,,0,0,0,Eurofins,93.5,True,0.14,D,1
SYNTHETIC_ILLUSTRATIVE_NOT_REAL,OT-00015,CGGACAAACAGTGGTCCAGA,PO,mixed,lipid,,0,0,0,Eurofins,92.0,True,0.09,E,1
