DATA_STATUS,oligo_id,endpoint,ic50,ic50_ci_low,ic50_ci_high,emax,hill,bottom,noec,audrc,r_squared,n_points,n_outliers_removed,fit_success,qc_flag
SYNTHETIC_ILLUSTRATIVE_NOT_REAL,OT-00001,ALT_secretion,12.4307,9.4128,15.4486,77.01,2.064,11.91,0.01,109.4801,0.9997,6,0,True,pass
SYNTHETIC_ILLUSTRATIVE_NOT_REAL,OT-00001,AST_secretion,19.6854,17.2092,22.1616,83.7,2.854,2.67,0.01,69.5905,0.9999,6,0,True,pass
SYNTHETIC_ILLUSTRATIVE_NOT_REAL,OT-00001,Bile_transport_CDFDA,29.625,0.0,85.3102,32.37,1.343,1.68,0.01,25.7765,0.9935,6,0,True,pass
SYNTHETIC_ILLUSTRATIVE_NOT_REAL,OT-00001,C1q_binding,27.872,20.7077,35.0363,62.72,2.71,6.5,0.01,60.623,0.9995,6,0,True,pass
SYNTHETIC_ILLUSTRATIVE_NOT_REAL,OT-00001,C3a,15.8513,11.514,20.1886,60.33,1.966,12.96,0.01,92.3676,0.9997,6,0,True,pass
SYNTHETIC_ILLUSTRATIVE_NOT_REAL,OT-00001,C5a,16.7946,14.4672,19.1219,91.23,2.167,2.68,0.01,83.1393,0.9999,6,0,True,pass
SYNTHETIC_ILLUSTRATIVE_NOT_REAL,OT-00001,Caspase_3_7,16.9074,0.0,36.0033,59.55,1.922,12.92,0.01,88.5796,0.9947,6,0,True,pass
SYNTHETIC_ILLUSTRATIVE_NOT_REAL,OT-00001,Cell_viability_ATPLite,19.2026,17.9453,20.4598,49.4,2.206,8.07,0.01,63.4924,1.0,6,0,True,pass
SYNTHETIC_ILLUSTRATIVE_NOT_REAL,OT-00001,GM_CSF,24.5343,14.1983,34.8702,82.82,2.329,2.58,0.01,64.2226,0.9989,6,0,True,pass
SYNTHETIC_ILLUSTRATIVE_NOT_REAL,OT-00001,Gene_module_hepatotox,24.8057,12.9169,36.6946,49.0,2.235,5.08,0.01,49.5866,0.9986,6,0,True,pass
SYNTHETIC_ILLUSTRATIVE_NOT_REAL,OT-00001,HMGB1_release,27.6406,22.709,32.5723,79.34,2.563,0.8,0.01,51.7784,0.9998,6,0,True,pass
SYNTHETIC_ILLUSTRATIVE_NOT_REAL,OT-00001,IFNa,21.7156,8.4215,35.0096,39.16,3.012,3.98,0.01,39.4755,0.9984,6,0,True,pass
SYNTHETIC_ILLUSTRATIVE_NOT_REAL,OT-00001,IFNg,25.5875,0.0,67.5963,34.77,2.024,15.15,0.01,73.125,0.9852,6,0,True,pass
SYNTHETIC_ILLUSTRATIVE_NOT_REAL,OT-00001,IL10,19.4885,0.0,41.219,39.19,1.651,12.33,0.01,69.6469,0.9958,6,0,True,pass
SYNTHETIC_ILLUSTRATIVE_NOT_REAL,OT-00001,IL12p70,14.1013,5.7486,22.454,56.7,2.003,10.29,0.01,82.5934,0.9984,6,0,True,pass
SYNTHETIC_ILLUSTRATIVE_NOT_REAL,OT-00001,IL17A,11.2698,0.0,35722.8162,43.95,10.0,10.16,0.01,69.0249,0.9991,6,0,True,pass
SYNTHETIC_ILLUSTRATIVE_NOT_REAL,OT-00001,IL1b,37.497,13.5664,61.4276,40.1,2.651,1.84,0.01,25.6626,0.9939,6,0,True,pass
SYNTHETIC_ILLUSTRATIVE_NOT_REAL,OT-00001,IL4,22.7796,1.2456,44.3136,45.47,1.108,6.98,0.01,56.7485,0.999,6,0,True,pass
SYNTHETIC_ILLUSTRATIVE_NOT_REAL,OT-00001,IL6,18.2515,0.0,47.0113,43.35,1.456,12.54,0.01,74.3465,0.9934,6,0,True,pass
SYNTHETIC_ILLUSTRATIVE_NOT_REAL,OT-00001,IL8,10.7141,0.0,65.1136,39.1,4.87,6.62,0.01,59.9566,0.996,6,0,True,pass
SYNTHETIC_ILLUSTRATIVE_NOT_REAL,OT-00001,IP10,15.4931,2.4677,28.5185,46.9,1.409,3.58,0.01,52.7474,0.998,6,0,True,pass
SYNTHETIC_ILLUSTRATIVE_NOT_REAL,OT-00001,LDH_release,18.4667,10.7046,26.2288,57.17,1.352,14.31,0.01,91.7169,0.9996,6,0,True,pass
SYNTHETIC_ILLUSTRATIVE_NOT_REAL,OT-00001,Lipid_OilRedO,23.9516,8.4918,39.4115,69.91,2.399,4.9,0.01,63.1288,0.9976,6,0,True,pass
SYNTHETIC_ILLUSTRATIVE_NOT_REAL,OT-00001,MCP1,26.9734,21.2195,32.7272,81.81,2.978,2.1,0.01,58.3325,0.9997,6,0,True,pass
SYNTHETIC_ILLUSTRATIVE_NOT_REAL,OT-00001,Mitochondrial_JC1,15.8272,0.0,31.8252,93.29,0.879,13.38,0.01,127.6934,0.9991,6,0,True,pass
SYNTHETIC_ILLUSTRATIVE_NOT_REAL,OT-00001,NK_CD69,15.6213,0.0,32.7306,91.0,3.83,10.19,0.01,102.4533,0.999,6,0,True,pass
SYNTHETIC_ILLUSTRATIVE_NOT_REAL,OT-00001,RNAseq_hepatotoxicity,22.1978,15.6751,28.7205,94.74,1.65,7.21,0.01,92.4974,0.9997,6,0,True,pass
SYNTHETIC_ILLUSTRATIVE_NOT_REAL,OT-00001,ROS_CellROX,24.8176,0.0,65.845,34.56,1.17,2.95,0.01,34.7219,0.9967,6,0,True,pass
SYNTHETIC_ILLUSTRATIVE_NOT_REAL,OT-00001,TLR9_activation,34.508,31.6793,37.3367,62.57,2.273,13.92,0.01,81.7161,0.9999,6,0,True,pass
SYNTHETIC_ILLUSTRATIVE_NOT_REAL,OT-00001,TNFa,47.1485,0.0,184.4038,106.9,0.909,11.29,0.01,99.4549,0.9976,6,0,True,pass
SYNTHETIC_ILLUSTRATIVE_NOT_REAL,OT-00002,ALT_secretion,9.7174,5.8424,13.5925,81.67,0.829,4.24,0.01,103.171,0.9998,6,0,True,pass
SYNTHETIC_ILLUSTRATIVE_NOT_REAL,OT-00002,AST_secretion,19.6896,6.9991,32.38,64.39,1.169,2.09,0.01,58.8457,0.9994,6,0,True,pass
SYNTHETIC_ILLUSTRATIVE_NOT_REAL,OT-00002,Bile_transport_CDFDA,30.6014,28.0069,33.196,104.18,1.309,13.36,0.01,110.0235,1.0,6,0,True,pass
SYNTHETIC_ILLUSTRATIVE_NOT_REAL,OT-00002,C1q_binding,30.0373,5.9033,54.1712,89.91,1.354,11.75,0.01,96.8064,0.9988,6,0,True,pass
SYNTHETIC_ILLUSTRATIVE_NOT_REAL,OT-00002,C3a,17.2831,9.4164,25.1499,69.06,2.035,11.97,0.01,93.6898,0.9991,6,0,True,pass
SYNTHETIC_ILLUSTRATIVE_NOT_REAL,OT-00002,C5a,21.1417,18.9654,23.318,71.14,1.403,9.24,0.01,83.603,1.0,6,0,True,pass
SYNTHETIC_ILLUSTRATIVE_NOT_REAL,OT-00002,Caspase_3_7,12.1206,4.3115,19.9298,40.82,1.287,11.69,0.01,75.8963,0.9985,6,0,True,pass
SYNTHETIC_ILLUSTRATIVE_NOT_REAL,OT-00002,Cell_viability_ATPLite,16.1493,12.8583,19.4403,34.4,2.042,2.67,0.01,37.1389,0.9998,6,0,True,pass
SYNTHETIC_ILLUSTRATIVE_NOT_REAL,OT-00002,GM_CSF,30.0539,21.9603,38.1475,91.49,1.893,4.69,0.01,70.0932,0.9996,6,0,True,pass
SYNTHETIC_ILLUSTRATIVE_NOT_REAL,OT-00002,Gene_module_hepatotox,19.4941,10.1905,28.7977,61.26,2.717,9.19,0.01,75.5835,0.9991,6,0,True,pass
SYNTHETIC_ILLUSTRATIVE_NOT_REAL,OT-00002,HMGB1_release,17.0945,10.2437,23.9453,36.16,2.433,4.0,0.01,41.2948,0.9993,6,0,True,pass
SYNTHETIC_ILLUSTRATIVE_NOT_REAL,OT-00002,IFNa,50.6658,0.0,108.7069,76.16,1.735,13.04,0.01,77.546,0.9964,6,0,True,pass
SYNTHETIC_ILLUSTRATIVE_NOT_REAL,OT-00002,IFNg,32.5403,23.2626,41.8179,97.03,1.223,4.32,0.01,73.8784,0.9999,6,0,True,pass
SYNTHETIC_ILLUSTRATIVE_NOT_REAL,OT-00002,IL10,21.0131,5.2173,36.8089,54.45,1.298,2.98,0.01,51.5774,0.999,6,0,True,pass
SYNTHETIC_ILLUSTRATIVE_NOT_REAL,OT-00002,IL12p70,18.1555,8.8112,27.4997,60.11,1.559,11.04,0.01,83.2628,0.9992,6,0,True,pass
SYNTHETIC_ILLUSTRATIVE_NOT_REAL,OT-00002,IL17A,22.4652,13.3769,31.5535,100.87,1.369,1.64,0.01,79.5473,0.9997,6,0,True,pass
SYNTHETIC_ILLUSTRATIVE_NOT_REAL,OT-00002,IL1b,29.8019,16.1709,43.433,42.39,2.336,4.38,0.01,40.0379,0.9983,6,0,True,pass
SYNTHETIC_ILLUSTRATIVE_NOT_REAL,OT-00002,IL4,20.2828,17.8266,22.739,92.11,1.984,13.69,0.01,112.8577,0.9999,6,0,True,pass
SYNTHETIC_ILLUSTRATIVE_NOT_REAL,OT-00002,IL6,28.2611,9.0896,47.4325,39.76,2.797,4.12,0.01,37.3761,0.9969,6,0,True,pass
SYNTHETIC_ILLUSTRATIVE_NOT_REAL,OT-00002,IL8,18.9974,12.3112,25.6836,78.16,1.512,12.33,0.01,101.5977,0.9996,6,0,True,pass
SYNTHETIC_ILLUSTRATIVE_NOT_REAL,OT-00002,IP10,17.6475,6.2145,29.0804,64.23,1.093,11.08,0.01,89.9361,0.9994,6,0,True,pass
SYNTHETIC_ILLUSTRATIVE_NOT_REAL,OT-00002,LDH_release,10.0843,3.4349,16.7337,75.62,1.018,9.26,0.01,108.2803,0.9989,6,0,True,pass
SYNTHETIC_ILLUSTRATIVE_NOT_REAL,OT-00002,Lipid_OilRedO,16.711,10.0538,23.3681,85.1,1.468,5.91,0.01,91.2299,0.9995,6,0,True,pass
SYNTHETIC_ILLUSTRATIVE_NOT_REAL,OT-00002,MCP1,14.8677,13.2515,16.4838,78.82,1.702,2.9,0.01,79.0319,1.0,6,0,True,pass
SYNTHETIC_ILLUSTRATIVE_NOT_REAL,OT-00002,Mitochondrial_JC1,25.9179,17.8933,33.9425,67.8,2.17,11.56,0.01,82.7819,0.9994,6,0,True,pass
SYNTHETIC_ILLUSTRATIVE_NOT_REAL,OT-00002,NK_CD69,17.8508,7.8867,27.815,49.58,1.04,5.89,0.01,61.1546,0.9996,6,0,True,pass
SYNTHETIC_ILLUSTRATIVE_NOT_REAL,OT-00002,RNAseq_hepatotoxicity,30.5958,0.0,108.1242,48.01,0.997,11.62,0.01,71.544,0.9962,6,0,True,pass
SYNTHETIC_ILLUSTRATIVE_NOT_REAL,OT-00002,ROS_CellROX,20.3088,18.3561,22.2614,68.25,2.411,13.45,0.01,93.7704,1.0,6,0,True,pass
SYNTHETIC_ILLUSTRATIVE_NOT_REAL,OT-00002,TLR9_activation,22.2037,0.0,76.8477,52.9,1.17,10.48,0.01,74.3185,0.9921,6,0,True,pass
SYNTHETIC_ILLUSTRATIVE_NOT_REAL,OT-00002,TNFa,18.1429,8.2068,28.0789,44.71,1.017,2.87,0.01,47.3129,0.9997,6,0,True,pass
SYNTHETIC_ILLUSTRATIVE_NOT_REAL,OT-00003,ALT_secretion,20.5552,0.0,59.1269,69.7,0.964,6.66,0.01,76.9874,0.9972,6,0,True,pass
SYNTHETIC_ILLUSTRATIVE_NOT_REAL,OT-00003,AST_secretion,11.8596,7.3464,16.3728,79.84,2.226,9.36,0.01,105.5231,0.999,6,0,True,pass
SYNTHETIC_ILLUSTRATIVE_NOT_REAL,OT-00003,Bile_transport_CDFDA,14.7289,11.92,17.5378,77.59,1.613,10.07,0.01,100.7311,0.9999,6,0,True,pass
SYNTHETIC_ILLUSTRATIVE_NOT_REAL,OT-00003,C1q_binding,24.0647,16.9016,31.2279,85.66,2.525,4.23,0.01,70.8296,0.9995,6,0,True,pass
SYNTHETIC_ILLUSTRATIVE_NOT_REAL,OT-00003,C3a,23.077,11.7921,34.3619,39.72,2.837,11.31,0.01,64.6095,0.9988,6,0,True,pass
SYNTHETIC_ILLUSTRATIVE_NOT_REAL,OT-00003,C5a,32.1164,11.445,52.7878,64.37,0.924,5.33,0.01,60.8065,0.9998,6,0,True,pass
SYNTHETIC_ILLUSTRATIVE_NOT_REAL,OT-00003,Caspase_3_7,25.1922,13.7585,36.626,63.88,2.749,14.52,0.01,89.1381,0.9988,6,0,True,pass
SYNTHETIC_ILLUSTRATIVE_NOT_REAL,OT-00003,Cell_viability_ATPLite,17.4034,8.8695,25.9373,82.08,1.509,4.88,0.01,82.617,0.9993,6,0,True,pass
SYNTHETIC_ILLUSTRATIVE_NOT_REAL,OT-00003,GM_CSF,21.6559,12.6018,30.71,41.15,1.883,13.93,0.01,75.6495,0.9992,6,0,True,pass
SYNTHETIC_ILLUSTRATIVE_NOT_REAL,OT-00003,Gene_module_hepatotox,26.2495,18.5351,33.9638,30.81,3.963,4.64,0.01,35.2315,0.9998,6,0,True,pass
SYNTHETIC_ILLUSTRATIVE_NOT_REAL,OT-00003,HMGB1_release,46.835,0.0,273.3122,73.42,0.669,14.9,0.01,98.7398,0.9972,6,0,True,pass
SYNTHETIC_ILLUSTRATIVE_NOT_REAL,OT-00003,IFNa,12.9677,5.5411,20.3944,55.75,1.352,8.69,0.01,79.4975,0.9989,6,0,True,pass
SYNTHETIC_ILLUSTRATIVE_NOT_REAL,OT-00003,IFNg,26.9652,0.0,82.7476,29.89,1.483,8.77,0.01,48.4478,0.9887,6,0,True,pass
SYNTHETIC_ILLUSTRATIVE_NOT_REAL,OT-00003,IL10,10.9043,8.7043,13.1042,50.57,2.343,10.67,0.01,83.0728,0.9996,6,0,True,pass
SYNTHETIC_ILLUSTRATIVE_NOT_REAL,OT-00003,IL12p70,24.0844,9.2462,38.9226,45.48,2.488,7.82,0.01,55.7369,0.9978,6,0,True,pass
SYNTHETIC_ILLUSTRATIVE_NOT_REAL,OT-00003,IL17A,25.6543,10.8195,40.4892,83.54,1.197,1.76,0.01,63.9824,0.9996,6,0,True,pass
SYNTHETIC_ILLUSTRATIVE_NOT_REAL,OT-00003,IL1b,16.9982,10.1604,23.836,70.78,2.083,4.7,0.01,72.1874,0.9993,6,0,True,pass
SYNTHETIC_ILLUSTRATIVE_NOT_REAL,OT-00003,IL4,17.6967,7.6757,27.7178,42.32,1.55,1.94,0.01,41.2862,0.999,6,0,True,pass
SYNTHETIC_ILLUSTRATIVE_NOT_REAL,OT-00003,IL6,10.6291,0.0,52254.5818,65.81,9.999,10.96,0.01,96.5766,0.9973,6,0,True,pass
SYNTHETIC_ILLUSTRATIVE_NOT_REAL,OT-00003,IL8,28.9158,14.9441,42.8876,32.58,3.684,2.09,0.01,26.6595,0.9994,6,0,True,pass
SYNTHETIC_ILLUSTRATIVE_NOT_REAL,OT-00003,IP10,32.5338,18.3931,46.6746,72.0,1.409,4.02,0.01,55.8111,0.9996,6,0,True,pass
SYNTHETIC_ILLUSTRATIVE_NOT_REAL,OT-00003,LDH_release,22.9412,19.529,26.3533,76.57,1.037,4.79,0.01,73.8955,1.0,6,0,True,pass
SYNTHETIC_ILLUSTRATIVE_NOT_REAL,OT-00003,Lipid_OilRedO,14.8764,10.3926,19.3602,66.02,1.465,12.24,0.01,97.2211,0.9997,6,0,True,pass
SYNTHETIC_ILLUSTRATIVE_NOT_REAL,OT-00003,MCP1,14.7646,2.9914,26.5378,51.25,1.98,12.43,0.01,84.7729,0.9972,6,0,True,pass
SYNTHETIC_ILLUSTRATIVE_NOT_REAL,OT-00003,Mitochondrial_JC1,34.4828,0.0,152.5465,37.1,1.081,6.58,0.01,45.6188,0.9916,6,0,True,pass
SYNTHETIC_ILLUSTRATIVE_NOT_REAL,OT-00003,NK_CD69,41.892,0.0,35247.4762,51.43,10.0,3.36,0.01,41.2455,0.9999,6,0,True,pass
SYNTHETIC_ILLUSTRATIVE_NOT_REAL,OT-00003,RNAseq_hepatotoxicity,15.2416,0.0,31.9366,57.66,2.6,12.06,0.01,87.3993,0.9957,6,0,True,pass
SYNTHETIC_ILLUSTRATIVE_NOT_REAL,OT-00003,ROS_CellROX,27.1368,26.3144,27.9593,90.49,2.015,0.59,0.01,58.9492,1.0,6,0,True,pass
SYNTHETIC_ILLUSTRATIVE_NOT_REAL,OT-00003,TLR9_activation,16.8157,9.7891,23.8423,91.19,2.557,11.56,0.01,109.1918,0.9993,6,0,True,pass
SYNTHETIC_ILLUSTRATIVE_NOT_REAL,OT-00003,TNFa,18.6918,0.0,45.1707,30.62,2.61,9.55,0.01,53.8048,0.9918,6,0,True,pass
SYNTHETIC_ILLUSTRATIVE_NOT_REAL,OT-00004,ALT_secretion,23.6319,23.0985,24.1653,48.35,1.582,10.25,0.01,67.6669,1.0,6,0,True,pass
SYNTHETIC_ILLUSTRATIVE_NOT_REAL,OT-00004,AST_secretion,25.5662,11.0735,40.0589,51.66,1.448,6.54,0.01,56.3058,0.9992,6,0,True,pass
SYNTHETIC_ILLUSTRATIVE_NOT_REAL,OT-00004,Bile_transport_CDFDA,19.8068,1.4683,38.1452,49.43,1.625,11.08,0.01,74.5961,0.9972,6,0,True,pass
SYNTHETIC_ILLUSTRATIVE_NOT_REAL,OT-00004,C1q_binding,18.1037,6.7931,29.4143,83.31,2.565,9.92,0.01,95.2669,0.9984,6,0,True,pass
SYNTHETIC_ILLUSTRATIVE_NOT_REAL,OT-00004,C3a,23.627,16.9452,30.3089,99.49,1.947,10.75,0.01,102.9885,0.9996,6,0,True,pass
SYNTHETIC_ILLUSTRATIVE_NOT_REAL,OT-00004,C5a,22.0133,12.2436,31.783,88.54,2.119,11.9,0.01,100.8622,0.999,6,0,True,pass
SYNTHETIC_ILLUSTRATIVE_NOT_REAL,OT-00004,Caspase_3_7,138.2863,0.0,1701.9692,94.17,0.71,4.33,0.01,50.8155,0.994,6,0,True,pass
SYNTHETIC_ILLUSTRATIVE_NOT_REAL,OT-00004,Cell_viability_ATPLite,28.8613,16.3641,41.3584,36.95,2.232,1.61,0.01,27.9994,0.9986,6,0,True,pass
SYNTHETIC_ILLUSTRATIVE_NOT_REAL,OT-00004,GM_CSF,4.8483,3.8701,5.8266,87.55,1.494,13.37,0.01,153.8271,0.9998,6,0,True,pass
SYNTHETIC_ILLUSTRATIVE_NOT_REAL,OT-00004,Gene_module_hepatotox,26.1245,17.2842,34.9647,76.02,1.534,1.83,0.01,56.9292,0.9997,6,0,True,pass
SYNTHETIC_ILLUSTRATIVE_NOT_REAL,OT-00004,HMGB1_release,15.4972,0.0895,30.9049,72.79,1.401,8.7,0.01,90.4446,0.9972,6,0,True,pass
SYNTHETIC_ILLUSTRATIVE_NOT_REAL,OT-00004,IFNa,0.8601,0.5009,1.2192,66.86,1.266,1.03,0.01,140.294,0.9989,6,0,True,pass
SYNTHETIC_ILLUSTRATIVE_NOT_REAL,OT-00004,IFNg,0.4415,0.2721,0.6108,39.48,1.595,6.39,0.01,104.2545,0.9995,6,0,True,pass
SYNTHETIC_ILLUSTRATIVE_NOT_REAL,OT-00004,IL10,1.6725,0.9827,2.3624,88.38,0.753,4.25,0.01,168.2237,0.9996,6,0,True,pass
SYNTHETIC_ILLUSTRATIVE_NOT_REAL,OT-00004,IL12p70,0.3297,0.0822,0.5772,38.46,1.798,6.36,0.01,105.7874,0.998,6,0,True,pass
SYNTHETIC_ILLUSTRATIVE_NOT_REAL,OT-00004,IL17A,0.9574,0.0,18151.7354,41.81,7.713,3.73,0.01,93.1058,0.9973,6,0,True,pass
SYNTHETIC_ILLUSTRATIVE_NOT_REAL,OT-00004,IL1b,1.3833,0.0,4.392,45.56,2.941,4.29,0.01,89.7901,0.999,6,0,True,pass
SYNTHETIC_ILLUSTRATIVE_NOT_REAL,OT-00004,IL4,3.2617,0.0,6.7506,85.42,0.829,12.61,0.01,162.7823,0.9974,6,0,True,pass
SYNTHETIC_ILLUSTRATIVE_NOT_REAL,OT-00004,IL6,1.0165,0.8612,1.1717,66.76,1.747,3.03,0.01,139.8665,0.9997,6,0,True,pass
SYNTHETIC_ILLUSTRATIVE_NOT_REAL,OT-00004,IL8,2.1079,0.7644,3.4515,68.5,1.944,13.55,0.01,145.8379,0.9989,6,0,True,pass
SYNTHETIC_ILLUSTRATIVE_NOT_REAL,OT-00004,IP10,0.8544,0.6459,1.0629,38.69,1.191,6.77,0.01,92.9683,0.9997,6,0,True,pass
SYNTHETIC_ILLUSTRATIVE_NOT_REAL,OT-00004,LDH_release,39.0673,8.5196,69.615,110.74,1.045,12.77,0.01,107.7508,0.9997,6,0,True,pass
SYNTHETIC_ILLUSTRATIVE_NOT_REAL,OT-00004,Lipid_OilRedO,13.103,6.2351,19.971,45.77,1.261,2.08,0.01,49.9521,0.9992,6,0,True,pass
SYNTHETIC_ILLUSTRATIVE_NOT_REAL,OT-00004,MCP1,1.0761,0.0,31447.0831,81.29,8.136,6.25,0.01,165.477,0.9993,6,0,True,pass
SYNTHETIC_ILLUSTRATIVE_NOT_REAL,OT-00004,Mitochondrial_JC1,18.6615,8.1576,29.1654,72.34,2.82,3.74,0.01,67.0689,0.9988,6,0,True,pass
SYNTHETIC_ILLUSTRATIVE_NOT_REAL,OT-00004,NK_CD69,2.3703,0.6379,4.1027,43.51,3.279,5.42,0.01,80.8626,0.9999,6,0,True,pass
SYNTHETIC_ILLUSTRATIVE_NOT_REAL,OT-00004,RNAseq_hepatotoxicity,1917.6977,0.0,128886.0644,150.0,0.497,13.27,0.01,78.9965,0.9881,6,0,True,pass
SYNTHETIC_ILLUSTRATIVE_NOT_REAL,OT-00004,ROS_CellROX,21.833,12.592,31.0741,71.32,1.069,5.52,0.01,73.2617,0.9998,6,0,True,pass
SYNTHETIC_ILLUSTRATIVE_NOT_REAL,OT-00004,TLR9_activation,6.0588,4.581,7.5365,84.19,1.384,7.21,0.01,126.7451,0.9997,6,0,True,pass
SYNTHETIC_ILLUSTRATIVE_NOT_REAL,OT-00004,TNFa,5.2446,0.0,19.6682,49.79,2.638,5.74,0.01,84.908,0.9948,6,0,True,pass
SYNTHETIC_ILLUSTRATIVE_NOT_REAL,OT-00005,ALT_secretion,16.6693,11.7258,21.6127,75.76,1.809,1.39,0.01,67.8112,0.9997,6,0,True,pass
SYNTHETIC_ILLUSTRATIVE_NOT_REAL,OT-00005,AST_secretion,17.7954,12.2039,23.3869,47.69,1.957,2.39,0.01,45.934,0.9996,6,0,True,pass
SYNTHETIC_ILLUSTRATIVE_NOT_REAL,OT-00005,Bile_transport_CDFDA,9.9434,0.0,2283.71,60.01,10.0,13.88,0.01,105.7028,0.9998,6,0,True,pass
SYNTHETIC_ILLUSTRATIVE_NOT_REAL,OT-00005,C1q_binding,13.1341,6.8226,19.4456,68.88,2.611,7.82,0.01,86.4415,0.9991,6,0,True,pass
SYNTHETIC_ILLUSTRATIVE_NOT_REAL,OT-00005,C3a,14.3801,9.8627,18.8975,96.98,3.429,5.98,0.01,99.278,0.9999,6,0,True,pass
SYNTHETIC_ILLUSTRATIVE_NOT_REAL,OT-00005,C5a,28.1368,20.1781,36.0955,94.84,1.484,8.06,0.01,87.4733,0.9998,6,0,True,pass
SYNTHETIC_ILLUSTRATIVE_NOT_REAL,OT-00005,Caspase_3_7,47.1176,0.0,220.8073,46.24,0.981,11.66,0.01,64.9642,0.9949,6,0,True,pass
SYNTHETIC_ILLUSTRATIVE_NOT_REAL,OT-00005,Cell_viability_ATPLite,14.6485,0.0,35.4171,31.34,2.093,5.4,0.01,44.9355,0.991,6,0,True,pass
SYNTHETIC_ILLUSTRATIVE_NOT_REAL,OT-00005,GM_CSF,20.7162,7.1428,34.2897,81.3,3.494,11.24,0.01,92.2195,0.9988,6,0,True,pass
SYNTHETIC_ILLUSTRATIVE_NOT_REAL,OT-00005,Gene_module_hepatotox,23.3145,13.201,33.428,63.02,1.594,8.61,0.01,73.015,0.9994,6,0,True,pass
SYNTHETIC_ILLUSTRATIVE_NOT_REAL,OT-00005,HMGB1_release,26.4672,0.0,75.1657,44.18,0.811,14.32,0.01,79.9793,0.9987,6,0,True,pass
SYNTHETIC_ILLUSTRATIVE_NOT_REAL,OT-00005,IFNa,20.0336,14.1757,25.8914,81.61,1.515,5.11,0.01,79.6232,0.9998,6,0,True,pass
SYNTHETIC_ILLUSTRATIVE_NOT_REAL,OT-00005,IFNg,11.2835,0.0,97761.9165,31.19,9.99,10.97,0.01,61.0608,0.993,6,0,True,pass
SYNTHETIC_ILLUSTRATIVE_NOT_REAL,OT-00005,IL10,35.3065,29.5265,41.0865,47.13,2.597,13.22,0.01,70.8287,0.9997,6,0,True,pass
SYNTHETIC_ILLUSTRATIVE_NOT_REAL,OT-00005,IL12p70,18.6179,16.8779,20.358,89.06,2.516,1.9,0.01,73.6156,1.0,6,0,True,pass
SYNTHETIC_ILLUSTRATIVE_NOT_REAL,OT-00005,IL17A,22.1696,18.3291,26.01,75.74,1.933,4.13,0.01,66.9822,0.9999,6,0,True,pass
SYNTHETIC_ILLUSTRATIVE_NOT_REAL,OT-00005,IL1b,19.4823,15.0083,23.9564,85.62,2.317,5.9,0.01,83.4694,0.9998,6,0,True,pass
SYNTHETIC_ILLUSTRATIVE_NOT_REAL,OT-00005,IL4,23.5326,15.0645,32.0008,89.32,1.28,12.65,0.01,105.7636,0.9998,6,0,True,pass
SYNTHETIC_ILLUSTRATIVE_NOT_REAL,OT-00005,IL6,42.2308,29.188,55.2736,55.65,1.925,10.32,0.01,62.836,0.9994,6,0,True,pass
SYNTHETIC_ILLUSTRATIVE_NOT_REAL,OT-00005,IL8,19.5373,14.4087,24.6659,98.03,1.489,4.22,0.01,89.6394,0.9998,6,0,True,pass
SYNTHETIC_ILLUSTRATIVE_NOT_REAL,OT-00005,IP10,14.155,8.4574,19.8525,58.73,1.003,10.85,0.01,88.4797,0.9998,6,0,True,pass
SYNTHETIC_ILLUSTRATIVE_NOT_REAL,OT-00005,LDH_release,36.5154,0.0,77.4983,56.16,0.937,2.61,0.01,44.2462,0.9995,6,0,True,pass
SYNTHETIC_ILLUSTRATIVE_NOT_REAL,OT-00005,Lipid_OilRedO,22.473,19.4343,25.5117,99.85,2.636,3.48,0.01,79.497,0.9999,6,0,True,pass
SYNTHETIC_ILLUSTRATIVE_NOT_REAL,OT-00005,MCP1,20.6721,14.8273,26.517,43.63,1.76,11.32,0.01,69.4832,0.9997,6,0,True,pass
SYNTHETIC_ILLUSTRATIVE_NOT_REAL,OT-00005,Mitochondrial_JC1,31.3674,11.5737,51.1612,75.92,1.273,13.18,0.01,91.0687,0.9994,6,0,True,pass
SYNTHETIC_ILLUSTRATIVE_NOT_REAL,OT-00005,NK_CD69,35.6716,31.4801,39.8631,68.21,1.67,8.73,0.01,66.9017,0.9999,6,0,True,pass
SYNTHETIC_ILLUSTRATIVE_NOT_REAL,OT-00005,RNAseq_hepatotoxicity,14.4979,0.0,34.048,25.15,1.663,5.79,0.01,40.6178,0.9928,6,0,True,pass
SYNTHETIC_ILLUSTRATIVE_NOT_REAL,OT-00005,ROS_CellROX,25.1246,15.8703,34.3789,47.41,3.059,3.02,0.01,40.7367,0.9993,6,0,True,pass
SYNTHETIC_ILLUSTRATIVE_NOT_REAL,OT-00005,TLR9_activation,25.3798,13.1989,37.5608,73.95,1.277,6.65,0.01,73.1888,0.9996,6,0,True,pass
SYNTHETIC_ILLUSTRATIVE_NOT_REAL,OT-00005,TNFa,13.5661,10.0958,17.0364,89.52,2.147,2.07,0.01,88.8721,0.9997,6,0,True,pass
SYNTHETIC_ILLUSTRATIVE_NOT_REAL,OT-00006,ALT_secretion,17.6319,10.7502,24.5136,57.26,2.339,8.23,0.01,72.0189,0.9993,6,0,True,pass
SYNTHETIC_ILLUSTRATIVE_NOT_REAL,OT-00006,AST_secretion,48.5969,0.0,281.9002,69.49,0.768,12.74,0.01,85.2758,0.9962,6,0,True,pass
SYNTHETIC_ILLUSTRATIVE_NOT_REAL,OT-00006,Bile_transport_CDFDA,21.0381,14.5884,27.4878,44.77,2.299,8.15,0.01,58.5346,0.9995,6,0,True,pass
SYNTHETIC_ILLUSTRATIVE_NOT_REAL,OT-00006,C1q_binding,1.123,0.0,20451.5576,68.67,7.417,11.47,0.01,150.6005,0.9966,6,0,True,pass
SYNTHETIC_ILLUSTRATIVE_NOT_REAL,OT-00006,C3a,3.0087,1.5231,4.4943,71.01,1.037,10.87,0.01,136.4365,0.9992,6,0,True,pass
SYNTHETIC_ILLUSTRATIVE_NOT_REAL,OT-00006,C5a,4.8917,3.082,6.7014,65.98,1.198,6.32,0.01,106.2914,0.9994,6,0,True,pass
SYNTHETIC_ILLUSTRATIVE_NOT_REAL,OT-00006,Caspase_3_7,18.0848,8.5206,27.649,75.09,2.065,12.93,0.01,99.762,0.9988,6,0,True,pass
SYNTHETIC_ILLUSTRATIVE_NOT_REAL,OT-00006,Cell_viability_ATPLite,11.7979,5.2394,18.3563,37.2,1.801,12.54,0.01,74.7814,0.998,6,0,True,pass
SYNTHETIC_ILLUSTRATIVE_NOT_REAL,OT-00006,GM_CSF,14.6493,5.3146,23.9841,46.72,1.828,8.93,0.01,69.222,0.9983,6,0,True,pass
SYNTHETIC_ILLUSTRATIVE_NOT_REAL,OT-00006,Gene_module_hepatotox,23.6676,9.0774,38.2577,70.19,1.219,12.5,0.01,92.2059,0.9995,6,0,True,pass
SYNTHETIC_ILLUSTRATIVE_NOT_REAL,OT-00006,HMGB1_release,13.9393,9.3692,18.5095,90.76,1.749,5.6,0.01,99.7659,0.9995,6,0,True,pass
SYNTHETIC_ILLUSTRATIVE_NOT_REAL,OT-00006,IFNa,16.8564,8.3867,25.3261,94.52,1.193,1.52,0.01,85.3464,0.9995,6,0,True,pass
SYNTHETIC_ILLUSTRATIVE_NOT_REAL,OT-00006,IFNg,36.0089,21.4224,50.5954,68.27,1.303,0.33,0.01,39.9731,0.9998,6,0,True,pass
SYNTHETIC_ILLUSTRATIVE_NOT_REAL,OT-00006,IL10,18.0166,8.2183,27.8149,52.19,1.978,1.67,0.01,47.4599,0.9987,6,0,True,pass
SYNTHETIC_ILLUSTRATIVE_NOT_REAL,OT-00006,IL12p70,28.9785,19.8209,38.1362,50.7,2.369,9.1,0.01,61.1309,0.9992,6,0,True,pass
SYNTHETIC_ILLUSTRATIVE_NOT_REAL,OT-00006,IL17A,19.0126,10.5285,27.4966,55.62,2.654,1.32,0.01,45.1482,0.9992,6,0,True,pass
SYNTHETIC_ILLUSTRATIVE_NOT_REAL,OT-00006,IL1b,36.8333,0.0,74.5394,59.41,1.022,7.42,0.01,60.9744,0.9994,6,0,True,pass
SYNTHETIC_ILLUSTRATIVE_NOT_REAL,OT-00006,IL4,16.3706,7.9327,24.8086,51.05,1.939,1.85,0.01,48.0281,0.9989,6,0,True,pass
SYNTHETIC_ILLUSTRATIVE_NOT_REAL,OT-00006,IL6,13.3843,10.377,16.3917,92.04,1.689,11.71,0.01,122.042,0.9998,6,0,True,pass
SYNTHETIC_ILLUSTRATIVE_NOT_REAL,OT-00006,IL8,13.5173,11.7715,15.2632,87.73,2.197,0.96,0.01,83.3986,0.9999,6,0,True,pass
SYNTHETIC_ILLUSTRATIVE_NOT_REAL,OT-00006,IP10,15.3948,12.5488,18.2409,67.57,1.953,14.05,0.01,102.5606,0.9999,6,0,True,pass
SYNTHETIC_ILLUSTRATIVE_NOT_REAL,OT-00006,LDH_release,25.1365,17.0392,33.2339,63.25,1.757,9.37,0.01,73.1456,0.9996,6,0,True,pass
SYNTHETIC_ILLUSTRATIVE_NOT_REAL,OT-00006,Lipid_OilRedO,32.2795,25.8195,38.7395,90.68,2.828,7.61,0.01,77.4663,0.9997,6,0,True,pass
SYNTHETIC_ILLUSTRATIVE_NOT_REAL,OT-00006,MCP1,33.1301,30.7242,35.536,58.53,3.21,11.41,0.01,72.0365,1.0,6,0,True,pass
SYNTHETIC_ILLUSTRATIVE_NOT_REAL,OT-00006,Mitochondrial_JC1,10.7785,0.0,73214.1333,44.51,9.791,9.56,0.01,70.5424,0.992,6,0,True,pass
SYNTHETIC_ILLUSTRATIVE_NOT_REAL,OT-00006,NK_CD69,10.3233,0.0,54616.8278,46.65,10.0,11.63,0.01,82.6564,0.9937,6,0,True,pass
SYNTHETIC_ILLUSTRATIVE_NOT_REAL,OT-00006,RNAseq_hepatotoxicity,38.438,20.2874,56.5886,110.89,0.766,11.78,0.01,113.2489,1.0,6,0,True,pass
SYNTHETIC_ILLUSTRATIVE_NOT_REAL,OT-00006,ROS_CellROX,31.0682,11.2889,50.8474,73.28,1.34,2.61,0.01,53.4983,0.9993,6,0,True,pass
SYNTHETIC_ILLUSTRATIVE_NOT_REAL,OT-00006,TLR9_activation,14.0895,10.1836,17.9955,91.43,2.227,3.16,0.01,91.9576,0.9997,6,0,True,pass
SYNTHETIC_ILLUSTRATIVE_NOT_REAL,OT-00006,TNFa,27.0456,0.0,55.8065,76.52,1.489,13.09,0.01,95.0653,0.997,6,0,True,pass
SYNTHETIC_ILLUSTRATIVE_NOT_REAL,OT-00007,ALT_secretion,28.2929,22.3754,34.2104,72.73,2.276,9.81,0.01,77.9496,0.9997,6,0,True,pass
SYNTHETIC_ILLUSTRATIVE_NOT_REAL,OT-00007,AST_secretion,8.4675,6.7025,10.2326,92.39,0.946,10.63,0.01,136.4882,0.9999,6,0,True,pass
SYNTHETIC_ILLUSTRATIVE_NOT_REAL,OT-00007,Bile_transport_CDFDA,43.1666,0.0,136.3143,94.37,0.767,11.29,0.01,97.8582,0.9991,6,0,True,pass
SYNTHETIC_ILLUSTRATIVE_NOT_REAL,OT-00007,C1q_binding,28.6945,26.7699,30.6192,100.52,0.721,1.83,0.01,83.9955,1.0,6,0,True,pass
SYNTHETIC_ILLUSTRATIVE_NOT_REAL,OT-00007,C3a,16.3777,13.6317,19.1237,68.17,2.221,1.67,0.01,61.7837,0.9999,6,0,True,pass
SYNTHETIC_ILLUSTRATIVE_NOT_REAL,OT-00007,C5a,18.8254,14.8575,22.7932,79.87,1.165,11.62,0.01,102.2057,0.9999,6,0,True,pass
SYNTHETIC_ILLUSTRATIVE_NOT_REAL,OT-00007,Caspase_3_7,33.6751,8.0192,59.3309,52.32,1.702,5.07,0.01,46.3108,0.9975,6,0,True,pass
SYNTHETIC_ILLUSTRATIVE_NOT_REAL,OT-00007,Cell_viability_ATPLite,23.8751,16.8548,30.8953,73.88,1.456,2.37,0.01,60.1628,0.9998,6,0,True,pass
SYNTHETIC_ILLUSTRATIVE_NOT_REAL,OT-00007,GM_CSF,1.02,0.0,16282.5283,55.45,8.052,10.3,0.01,129.3098,0.998,6,0,True,pass
SYNTHETIC_ILLUSTRATIVE_NOT_REAL,OT-00007,Gene_module_hepatotox,17.3734,13.7609,20.9859,57.25,2.114,5.1,0.01,62.4407,0.9998,6,0,True,pass
SYNTHETIC_ILLUSTRATIVE_NOT_REAL,OT-00007,HMGB1_release,12.365,9.6141,15.1159,88.16,1.831,3.57,0.01,95.6549,0.9997,6,0,True,pass
SYNTHETIC_ILLUSTRATIVE_NOT_REAL,OT-00007,IFNa,2.2422,1.0651,3.4192,71.88,1.742,9.02,0.01,138.3168,0.9991,6,0,True,pass
SYNTHETIC_ILLUSTRATIVE_NOT_REAL,OT-00007,IFNg,0.74,0.4366,1.0435,77.48,1.686,17.03,0.01,197.0765,0.9992,6,0,True,pass
SYNTHETIC_ILLUSTRATIVE_NOT_REAL,OT-00007,IL10,2.1893,0.3331,4.0454,35.88,1.287,1.54,0.01,63.6376,0.9971,6,0,True,pass
SYNTHETIC_ILLUSTRATIVE_NOT_REAL,OT-00007,IL12p70,4.2338,1.2871,7.1806,52.91,2.442,5.45,0.01,90.4902,0.9993,6,0,True,pass
SYNTHETIC_ILLUSTRATIVE_NOT_REAL,OT-00007,IL17A,3.2313,2.1964,4.2663,80.56,0.887,15.56,0.01,161.7913,0.9997,6,0,True,pass
SYNTHETIC_ILLUSTRATIVE_NOT_REAL,OT-00007,IL1b,3.509,0.0,7.0768,37.72,0.977,3.76,0.01,65.7834,0.9968,6,0,True,pass
SYNTHETIC_ILLUSTRATIVE_NOT_REAL,OT-00007,IL4,2.7898,1.5463,4.0333,73.38,1.276,10.44,0.01,140.4429,0.9992,6,0,True,pass
SYNTHETIC_ILLUSTRATIVE_NOT_REAL,OT-00007,IL6,1.0182,0.0,52190.1594,65.8,8.799,4.35,0.01,138.6702,0.9987,6,0,True,pass
SYNTHETIC_ILLUSTRATIVE_NOT_REAL,OT-00007,IL8,2.3555,1.753,2.9581,53.1,2.195,5.8,0.01,98.9907,0.9999,6,0,True,pass
SYNTHETIC_ILLUSTRATIVE_NOT_REAL,OT-00007,IP10,1.7116,0.6366,2.7867,49.21,1.172,11.97,0.01,113.6478,0.9983,6,0,True,pass
SYNTHETIC_ILLUSTRATIVE_NOT_REAL,OT-00007,LDH_release,20.5499,0.0,42.1221,44.36,1.878,10.17,0.01,66.9211,0.9953,6,0,True,pass
SYNTHETIC_ILLUSTRATIVE_NOT_REAL,OT-00007,Lipid_OilRedO,29.6716,13.8329,45.5103,42.95,1.498,1.81,0.01,32.2785,0.9992,6,0,True,pass
SYNTHETIC_ILLUSTRATIVE_NOT_REAL,OT-00007,MCP1,8.3735,0.0,371009.6604,59.92,9.838,4.7,0.01,94.482,0.9997,6,0,True,pass
SYNTHETIC_ILLUSTRATIVE_NOT_REAL,OT-00007,Mitochondrial_JC1,12.2837,5.2491,19.3182,80.86,0.95,3.44,0.01,91.7905,0.9995,6,0,True,pass
SYNTHETIC_ILLUSTRATIVE_NOT_REAL,OT-00007,NK_CD69,0.623,0.2649,0.9811,94.6,1.56,11.52,0.01,231.7501,0.9986,6,0,True,pass
SYNTHETIC_ILLUSTRATIVE_NOT_REAL,OT-00007,RNAseq_hepatotoxicity,32.6595,28.8832,36.4359,78.9,2.837,11.37,0.01,82.9728,0.9999,6,0,True,pass
SYNTHETIC_ILLUSTRATIVE_NOT_REAL,OT-00007,ROS_CellROX,31.6407,9.7168,53.5646,48.23,1.69,14.45,0.01,77.7086,0.998,6,0,True,pass
SYNTHETIC_ILLUSTRATIVE_NOT_REAL,OT-00007,TLR9_activation,0.2897,0.2608,0.3186,58.46,2.649,2.24,0.01,150.6281,1.0,6,0,True,pass
SYNTHETIC_ILLUSTRATIVE_NOT_REAL,OT-00007,TNFa,2.0941,1.6106,2.5776,85.21,1.015,7.17,0.01,161.3925,0.9998,6,0,True,pass
SYNTHETIC_ILLUSTRATIVE_NOT_REAL,OT-00008,ALT_secretion,38.5108,21.6538,55.3678,68.07,1.355,1.8,0.01,42.4728,0.9997,6,0,True,pass
SYNTHETIC_ILLUSTRATIVE_NOT_REAL,OT-00008,AST_secretion,10.5779,10.1418,11.0139,73.0,2.114,13.92,0.01,117.0197,1.0,6,0,True,pass
SYNTHETIC_ILLUSTRATIVE_NOT_REAL,OT-00008,Bile_transport_CDFDA,15.134,0.0,32.3071,36.02,2.745,9.73,0.01,61.5407,0.9959,6,0,True,pass
SYNTHETIC_ILLUSTRATIVE_NOT_REAL,OT-00008,C1q_binding,14.8605,13.0932,16.6279,81.55,2.242,12.87,0.01,110.8239,0.9999,6,0,True,pass
SYNTHETIC_ILLUSTRATIVE_NOT_REAL,OT-00008,C3a,6.1699,4.4285,7.9113,66.37,1.69,3.53,0.01,94.0014,0.9996,6,0,True,pass
SYNTHETIC_ILLUSTRATIVE_NOT_REAL,OT-00008,C5a,2.3272,1.8169,2.8375,95.01,2.104,10.27,0.01,177.7219,0.9999,6,0,True,pass
SYNTHETIC_ILLUSTRATIVE_NOT_REAL,OT-00008,Caspase_3_7,68.8543,0.0,212.0124,115.25,1.5,5.09,0.01,56.1149,0.9966,6,0,True,pass
SYNTHETIC_ILLUSTRATIVE_NOT_REAL,OT-00008,Cell_viability_ATPLite,39.8205,27.3999,52.241,53.86,2.874,15.67,0.01,80.9917,0.9981,6,0,True,pass
SYNTHETIC_ILLUSTRATIVE_NOT_REAL,OT-00008,GM_CSF,2.784,0.0838,5.4842,55.18,2.763,10.02,0.01,109.0985,0.999,6,0,True,pass
SYNTHETIC_ILLUSTRATIVE_NOT_REAL,OT-00008,Gene_module_hepatotox,37.2608,11.9028,62.6189,61.48,1.603,5.67,0.01,51.8982,0.9984,6,0,True,pass
SYNTHETIC_ILLUSTRATIVE_NOT_REAL,OT-00008,HMGB1_release,7.949,2.1226,13.7754,84.69,0.947,8.15,0.01,121.5914,0.9986,6,0,True,pass
SYNTHETIC_ILLUSTRATIVE_NOT_REAL,OT-00008,IFNa,2.0506,0.7841,3.3171,42.36,1.143,3.11,0.01,79.736,0.9985,6,0,True,pass
SYNTHETIC_ILLUSTRATIVE_NOT_REAL,OT-00008,IFNg,0.6627,0.5007,0.8247,97.54,1.419,9.88,0.01,231.8863,0.9997,6,0,True,pass
SYNTHETIC_ILLUSTRATIVE_NOT_REAL,OT-00008,IL10,0.1921,0.093,0.2911,61.41,1.446,0.82,0.01,166.1886,0.9985,6,0,True,pass
SYNTHETIC_ILLUSTRATIVE_NOT_REAL,OT-00008,IL12p70,2.4887,0.8572,4.1202,68.02,2.597,10.66,0.01,132.3972,0.9995,6,0,True,pass
SYNTHETIC_ILLUSTRATIVE_NOT_REAL,OT-00008,IL17A,5.3173,4.2336,6.401,56.07,2.178,6.27,0.01,92.2992,0.9999,6,0,True,pass
SYNTHETIC_ILLUSTRATIVE_NOT_REAL,OT-00008,IL1b,1.2316,0.0,101355.1954,93.07,8.604,7.29,0.01,170.723,0.9993,6,0,True,pass
SYNTHETIC_ILLUSTRATIVE_NOT_REAL,OT-00008,IL4,1.3403,0.9615,1.7191,88.52,2.475,5.41,0.01,172.8619,0.9999,6,0,True,pass
SYNTHETIC_ILLUSTRATIVE_NOT_REAL,OT-00008,IL6,3.5768,3.4053,3.7482,98.2,1.192,11.53,0.01,174.2082,1.0,6,0,True,pass
SYNTHETIC_ILLUSTRATIVE_NOT_REAL,OT-00008,IL8,4.6567,2.8548,6.4587,74.61,1.974,11.64,0.01,134.3215,0.9996,6,0,True,pass
SYNTHETIC_ILLUSTRATIVE_NOT_REAL,OT-00008,IP10,0.1351,0.0,19180.6198,52.92,9.617,5.21,0.01,142.8787,0.9999,6,0,True,pass
SYNTHETIC_ILLUSTRATIVE_NOT_REAL,OT-00008,LDH_release,35.5307,26.2991,44.7622,88.45,2.581,12.17,0.01,88.5955,0.9992,6,0,True,pass
SYNTHETIC_ILLUSTRATIVE_NOT_REAL,OT-00008,Lipid_OilRedO,50.2686,0.0,26818.7437,48.3,9.997,8.86,0.01,50.408,0.9986,6,0,True,pass
SYNTHETIC_ILLUSTRATIVE_NOT_REAL,OT-00008,MCP1,1.0097,0.7969,1.2225,54.48,1.523,4.6,0.01,117.4645,0.9995,6,0,True,pass
SYNTHETIC_ILLUSTRATIVE_NOT_REAL,OT-00008,Mitochondrial_JC1,50.0536,0.0,7580.5908,39.66,10.0,7.67,0.01,43.2187,0.9991,6,0,True,pass
SYNTHETIC_ILLUSTRATIVE_NOT_REAL,OT-00008,NK_CD69,2.7568,2.1585,3.3551,90.41,1.185,11.08,0.01,170.244,0.9998,6,0,True,pass
SYNTHETIC_ILLUSTRATIVE_NOT_REAL,OT-00008,RNAseq_hepatotoxicity,72.1853,0.0,163.6008,91.31,1.754,4.3,0.01,43.5234,0.999,6,0,True,pass
SYNTHETIC_ILLUSTRATIVE_NOT_REAL,OT-00008,ROS_CellROX,62.9165,0.0,572.5194,48.7,0.856,8.65,0.01,55.1636,0.9886,6,0,True,pass
SYNTHETIC_ILLUSTRATIVE_NOT_REAL,OT-00008,TLR9_activation,2.7483,2.5603,2.9362,58.44,1.998,12.82,0.01,122.3649,1.0,6,0,True,pass
SYNTHETIC_ILLUSTRATIVE_NOT_REAL,OT-00008,TNFa,2.4422,1.4346,3.4498,83.67,1.813,2.62,0.01,140.4091,0.9995,6,0,True,pass
SYNTHETIC_ILLUSTRATIVE_NOT_REAL,OT-00009,ALT_secretion,27.6489,0.0,122.7668,35.58,1.075,9.86,0.01,56.4008,0.9902,6,0,True,pass
SYNTHETIC_ILLUSTRATIVE_NOT_REAL,OT-00009,AST_secretion,10.9795,4.0456,17.9134,72.43,1.07,4.28,0.01,88.4343,0.9989,6,0,True,pass
SYNTHETIC_ILLUSTRATIVE_NOT_REAL,OT-00009,Bile_transport_CDFDA,45.1048,0.0,109.2556,76.15,1.315,7.66,0.01,65.0603,0.9974,6,0,True,pass
SYNTHETIC_ILLUSTRATIVE_NOT_REAL,OT-00009,C1q_binding,2.0821,1.0127,3.1514,68.53,3.238,5.19,0.01,120.7258,0.9999,6,0,True,pass
SYNTHETIC_ILLUSTRATIVE_NOT_REAL,OT-00009,C3a,11.4114,9.3935,13.4293,85.03,2.218,10.76,0.01,117.1197,0.9998,6,0,True,pass
SYNTHETIC_ILLUSTRATIVE_NOT_REAL,OT-00009,C5a,10.6604,3.8184,17.5023,35.19,1.156,3.02,0.01,45.6675,0.9986,6,0,True,pass
SYNTHETIC_ILLUSTRATIVE_NOT_REAL,OT-00009,Caspase_3_7,15.2145,10.5468,19.8821,96.87,1.525,1.63,0.01,89.9604,0.9997,6,0,True,pass
SYNTHETIC_ILLUSTRATIVE_NOT_REAL,OT-00009,Cell_viability_ATPLite,49.2406,16.3775,82.1036,56.66,1.136,3.86,0.01,41.4298,0.9997,6,0,True,pass
SYNTHETIC_ILLUSTRATIVE_NOT_REAL,OT-00009,GM_CSF,1.5034,0.0,3.33,86.52,2.513,10.08,0.01,175.5125,0.9989,6,0,True,pass
SYNTHETIC_ILLUSTRATIVE_NOT_REAL,OT-00009,Gene_module_hepatotox,147.4014,0.0,366.9263,75.77,0.82,0.35,0.01,25.1039,0.9999,6,0,True,pass
SYNTHETIC_ILLUSTRATIVE_NOT_REAL,OT-00009,HMGB1_release,53.0926,0.0,340.8746,56.32,0.652,11.51,0.01,74.31,0.9971,6,0,True,pass
SYNTHETIC_ILLUSTRATIVE_NOT_REAL,OT-00009,IFNa,4.2403,0.0,19.2867,35.29,3.049,14.49,0.01,87.8073,0.9945,6,0,True,pass
SYNTHETIC_ILLUSTRATIVE_NOT_REAL,OT-00009,IFNg,3.8234,3.4989,4.1478,85.19,1.232,9.55,0.01,148.087,1.0,6,0,True,pass
SYNTHETIC_ILLUSTRATIVE_NOT_REAL,OT-00009,IL10,1.7056,0.6314,2.7797,60.1,1.138,2.34,0.01,112.9098,0.9983,6,0,True,pass
SYNTHETIC_ILLUSTRATIVE_NOT_REAL,OT-00009,IL12p70,2.1166,1.3179,2.9154,87.51,0.954,10.78,0.01,174.0947,0.9995,6,0,True,pass
SYNTHETIC_ILLUSTRATIVE_NOT_REAL,OT-00009,IL17A,1.5356,0.0,22553.5391,50.81,8.321,8.48,0.01,98.0487,0.9994,6,0,True,pass
SYNTHETIC_ILLUSTRATIVE_NOT_REAL,OT-00009,IL1b,2.7409,0.0,7.8881,86.7,3.196,5.87,0.01,147.2172,0.9983,6,0,True,pass
SYNTHETIC_ILLUSTRATIVE_NOT_REAL,OT-00009,IL4,1.9562,1.3052,2.6072,51.22,1.206,10.6,0.01,112.621,0.9995,6,0,True,pass
SYNTHETIC_ILLUSTRATIVE_NOT_REAL,OT-00009,IL6,3.0975,1.0026,5.1924,33.54,1.35,6.39,0.01,67.5929,0.9982,6,0,True,pass
SYNTHETIC_ILLUSTRATIVE_NOT_REAL,OT-00009,IL8,3.674,0.9703,6.3776,58.51,2.473,11.43,0.01,115.3349,0.9991,6,0,True,pass
SYNTHETIC_ILLUSTRATIVE_NOT_REAL,OT-00009,IP10,6.4573,0.0,1152.4931,31.74,5.657,2.75,0.01,52.3442,0.999,6,0,True,pass
SYNTHETIC_ILLUSTRATIVE_NOT_REAL,OT-00009,LDH_release,14.6814,9.9803,19.3825,98.3,1.51,11.38,0.01,123.8738,0.9996,6,0,True,pass
SYNTHETIC_ILLUSTRATIVE_NOT_REAL,OT-00009,Lipid_OilRedO,321.829,0.0,4602.9942,150.0,1.084,11.87,0.01,63.4776,0.9962,6,0,True,pass
SYNTHETIC_ILLUSTRATIVE_NOT_REAL,OT-00009,MCP1,0.8592,0.2872,1.4312,51.58,2.065,0.71,0.01,109.0492,0.9977,6,0,True,pass
SYNTHETIC_ILLUSTRATIVE_NOT_REAL,OT-00009,Mitochondrial_JC1,20.2954,4.4926,36.0982,53.99,1.171,6.57,0.01,63.2678,0.9991,6,0,True,pass
SYNTHETIC_ILLUSTRATIVE_NOT_REAL,OT-00009,NK_CD69,3.2562,1.6578,4.8545,58.26,2.005,7.55,0.01,106.971,0.9993,6,0,True,pass
SYNTHETIC_ILLUSTRATIVE_NOT_REAL,OT-00009,RNAseq_hepatotoxicity,7.6557,6.8752,8.4361,95.65,1.813,14.89,0.01,155.2518,0.9999,6,0,True,pass
SYNTHETIC_ILLUSTRATIVE_NOT_REAL,OT-00009,ROS_CellROX,59.2243,0.0,226.9218,45.86,0.652,13.13,0.01,72.6124,0.9993,6,0,True,pass
SYNTHETIC_ILLUSTRATIVE_NOT_REAL,OT-00009,TLR9_activation,2.5742,0.9794,4.1689,55.31,1.808,13.83,0.01,121.6622,0.9988,6,0,True,pass
SYNTHETIC_ILLUSTRATIVE_NOT_REAL,OT-00009,TNFa,1.7862,1.6247,1.9478,74.57,2.082,2.33,0.01,132.8692,1.0,6,0,True,pass
SYNTHETIC_ILLUSTRATIVE_NOT_REAL,OT-00010,ALT_secretion,15.4142,9.9345,20.8939,81.11,2.362,2.09,0.01,74.9508,0.9995,6,0,True,pass
SYNTHETIC_ILLUSTRATIVE_NOT_REAL,OT-00010,AST_secretion,10.7246,0.0,87131.9434,31.26,9.996,7.98,0.01,54.2755,0.9933,6,0,True,pass
SYNTHETIC_ILLUSTRATIVE_NOT_REAL,OT-00010,Bile_transport_CDFDA,27.2401,16.6235,37.8567,53.84,2.644,8.06,0.01,60.9036,0.999,6,0,True,pass
SYNTHETIC_ILLUSTRATIVE_NOT_REAL,OT-00010,C1q_binding,23.5886,9.4853,37.6919,37.37,2.548,6.94,0.01,47.5653,0.998,6,0,True,pass
SYNTHETIC_ILLUSTRATIVE_NOT_REAL,OT-00010,C3a,14.1451,5.7471,22.5432,50.0,2.57,7.53,0.01,67.7106,0.9987,6,0,True,pass
SYNTHETIC_ILLUSTRATIVE_NOT_REAL,OT-00010,C5a,19.2569,13.301,25.2129,81.42,1.93,7.37,0.01,86.4994,0.9996,6,0,True,pass
SYNTHETIC_ILLUSTRATIVE_NOT_REAL,OT-00010,Caspase_3_7,11.1375,8.4046,13.8704,75.9,3.11,1.07,0.01,79.6897,0.9997,6,0,True,pass
SYNTHETIC_ILLUSTRATIVE_NOT_REAL,OT-00010,Cell_viability_ATPLite,22.6627,15.8195,29.506,90.31,3.141,1.34,0.01,65.0578,0.9996,6,0,True,pass
SYNTHETIC_ILLUSTRATIVE_NOT_REAL,OT-00010,GM_CSF,19.2074,14.068,24.3468,72.88,1.582,2.12,0.01,64.0685,0.9998,6,0,True,pass
SYNTHETIC_ILLUSTRATIVE_NOT_REAL,OT-00010,Gene_module_hepatotox,70.4573,0.0,375.5746,52.58,1.037,9.67,0.01,55.8054,0.9945,6,0,True,pass
SYNTHETIC_ILLUSTRATIVE_NOT_REAL,OT-00010,HMGB1_release,24.693,19.5749,29.8111,81.81,2.067,5.06,0.01,71.5759,0.9998,6,0,True,pass
SYNTHETIC_ILLUSTRATIVE_NOT_REAL,OT-00010,IFNa,10.6558,0.0,36604.1023,50.87,10.0,9.94,0.01,77.8664,0.9987,6,0,True,pass
SYNTHETIC_ILLUSTRATIVE_NOT_REAL,OT-00010,IFNg,19.2666,0.0,38.835,64.02,1.821,14.85,0.01,96.9469,0.9959,6,0,True,pass
SYNTHETIC_ILLUSTRATIVE_NOT_REAL,OT-00010,IL10,12.2753,7.9219,16.6288,79.15,2.394,11.82,0.01,112.4925,0.9993,6,0,True,pass
SYNTHETIC_ILLUSTRATIVE_NOT_REAL,OT-00010,IL12p70,22.1633,18.4624,25.8642,62.84,1.653,4.35,0.01,59.427,0.9999,6,0,True,pass
SYNTHETIC_ILLUSTRATIVE_NOT_REAL,OT-00010,IL17A,19.0756,6.5386,31.6125,56.55,2.273,13.99,0.01,87.7113,0.998,6,0,True,pass
SYNTHETIC_ILLUSTRATIVE_NOT_REAL,OT-00010,IL1b,18.3471,0.0,53.8814,35.51,1.177,11.56,0.01,66.5792,0.9941,6,0,True,pass
SYNTHETIC_ILLUSTRATIVE_NOT_REAL,OT-00010,IL4,10.5291,0.0,45342.888,43.96,10.0,15.34,0.01,89.1763,0.9976,6,0,True,pass
SYNTHETIC_ILLUSTRATIVE_NOT_REAL,OT-00010,IL6,17.5206,12.9984,22.0428,94.25,3.676,4.68,0.01,84.3434,0.9999,6,0,True,pass
SYNTHETIC_ILLUSTRATIVE_NOT_REAL,OT-00010,IL8,26.1308,0.0,58.0804,77.1,0.868,8.13,0.01,84.0693,0.9993,6,0,True,pass
SYNTHETIC_ILLUSTRATIVE_NOT_REAL,OT-00010,IP10,44.2035,0.0,269665.5331,32.6,9.979,7.94,0.01,44.7621,0.9937,6,0,True,pass
SYNTHETIC_ILLUSTRATIVE_NOT_REAL,OT-00010,LDH_release,14.9637,4.0287,25.8988,43.04,2.215,9.43,0.01,66.162,0.9977,6,0,True,pass
SYNTHETIC_ILLUSTRATIVE_NOT_REAL,OT-00010,Lipid_OilRedO,24.0535,0.0,121.4647,48.58,0.773,13.3,0.01,81.1931,0.994,6,0,True,pass
SYNTHETIC_ILLUSTRATIVE_NOT_REAL,OT-00010,MCP1,18.4,12.1872,24.6127,96.23,1.158,6.27,0.01,99.4832,0.9998,6,0,True,pass
SYNTHETIC_ILLUSTRATIVE_NOT_REAL,OT-00010,Mitochondrial_JC1,13.9293,0.0,30.9154,67.6,4.026,11.15,0.01,90.5452,0.9993,6,0,True,pass
SYNTHETIC_ILLUSTRATIVE_NOT_REAL,OT-00010,NK_CD69,18.3859,12.7925,23.9794,67.59,1.715,5.71,0.01,72.425,0.9997,6,0,True,pass
SYNTHETIC_ILLUSTRATIVE_NOT_REAL,OT-00010,RNAseq_hepatotoxicity,27.4769,2.6439,52.3098,32.79,2.053,10.45,0.01,55.7687,0.995,6,0,True,pass
SYNTHETIC_ILLUSTRATIVE_NOT_REAL,OT-00010,ROS_CellROX,15.6693,14.0659,17.2727,92.52,2.179,13.29,0.01,120.0919,1.0,6,0,True,pass
SYNTHETIC_ILLUSTRATIVE_NOT_REAL,OT-00010,TLR9_activation,15.3141,12.3052,18.323,88.92,2.435,11.21,0.01,110.3759,0.9998,6,0,True,pass
SYNTHETIC_ILLUSTRATIVE_NOT_REAL,OT-00010,TNFa,29.9588,27.1936,32.7241,73.82,2.876,12.26,0.01,85.1775,0.9999,6,0,True,pass
SYNTHETIC_ILLUSTRATIVE_NOT_REAL,OT-00011,ALT_secretion,25.9769,20.7034,31.2504,94.77,1.281,2.68,0.01,73.8792,0.9999,6,0,True,pass
SYNTHETIC_ILLUSTRATIVE_NOT_REAL,OT-00011,AST_secretion,25.1328,0.0,63.4631,44.77,1.298,3.14,0.01,40.6554,0.996,6,0,True,pass
SYNTHETIC_ILLUSTRATIVE_NOT_REAL,OT-00011,Bile_transport_CDFDA,20.0304,6.922,33.1387,62.33,1.601,5.68,0.01,65.2507,0.9986,6,0,True,pass
SYNTHETIC_ILLUSTRATIVE_NOT_REAL,OT-00011,C1q_binding,10.8682,0.0,40429.5108,36.01,10.0,2.11,0.01,39.8516,0.9987,6,0,True,pass
SYNTHETIC_ILLUSTRATIVE_NOT_REAL,OT-00011,C3a,10.7184,0.0,25917.0636,70.75,10.0,1.13,0.01,68.8333,0.9994,6,0,True,pass
SYNTHETIC_ILLUSTRATIVE_NOT_REAL,OT-00011,C5a,30.6548,24.5316,36.778,85.65,3.042,6.94,0.01,73.6131,0.9997,6,0,True,pass
SYNTHETIC_ILLUSTRATIVE_NOT_REAL,OT-00011,Caspase_3_7,14.8835,11.8301,17.937,84.15,2.259,8.86,0.01,101.0783,0.9998,6,0,True,pass
SYNTHETIC_ILLUSTRATIVE_NOT_REAL,OT-00011,Cell_viability_ATPLite,30.5064,10.9261,50.0866,70.99,1.328,2.68,0.01,53.3936,0.9993,6,0,True,pass
SYNTHETIC_ILLUSTRATIVE_NOT_REAL,OT-00011,GM_CSF,17.5768,13.6171,21.5365,77.41,2.668,3.87,0.01,72.0809,0.9998,6,0,True,pass
SYNTHETIC_ILLUSTRATIVE_NOT_REAL,OT-00011,Gene_module_hepatotox,13.1149,9.8026,16.4272,60.71,1.955,10.8,0.01,89.4605,0.9997,6,0,True,pass
SYNTHETIC_ILLUSTRATIVE_NOT_REAL,OT-00011,HMGB1_release,15.8646,12.9457,18.7835,57.15,3.303,11.44,0.01,81.8875,0.9999,6,0,True,pass
SYNTHETIC_ILLUSTRATIVE_NOT_REAL,OT-00011,IFNa,17.5805,0.0,37.8079,39.23,2.469,14.91,0.01,79.3624,0.9946,6,0,True,pass
SYNTHETIC_ILLUSTRATIVE_NOT_REAL,OT-00011,IFNg,17.7734,0.0,60.6148,30.01,0.952,4.48,0.01,39.6724,0.9945,6,0,True,pass
SYNTHETIC_ILLUSTRATIVE_NOT_REAL,OT-00011,IL10,12.9471,8.6083,17.286,77.91,2.396,13.18,0.01,113.5211,0.9995,6,0,True,pass
SYNTHETIC_ILLUSTRATIVE_NOT_REAL,OT-00011,IL12p70,22.7386,17.85,27.6273,72.12,1.446,3.1,0.01,62.2398,0.9999,6,0,True,pass
SYNTHETIC_ILLUSTRATIVE_NOT_REAL,OT-00011,IL17A,24.3494,0.0,67.806,59.14,1.026,11.48,0.01,81.5276,0.9974,6,0,True,pass
SYNTHETIC_ILLUSTRATIVE_NOT_REAL,OT-00011,IL1b,24.0182,22.3615,25.675,93.55,2.717,4.31,0.01,76.1568,1.0,6,0,True,pass
SYNTHETIC_ILLUSTRATIVE_NOT_REAL,OT-00011,IL4,54.2037,0.0,212.4853,44.03,1.315,7.45,0.01,44.6522,0.9917,6,0,True,pass
SYNTHETIC_ILLUSTRATIVE_NOT_REAL,OT-00011,IL6,11.9082,0.0,35140.6226,51.7,10.0,4.23,0.01,54.3865,0.9989,6,0,True,pass
SYNTHETIC_ILLUSTRATIVE_NOT_REAL,OT-00011,IL8,14.6083,9.8193,19.3974,97.17,1.446,11.12,0.01,122.2604,0.9997,6,0,True,pass
SYNTHETIC_ILLUSTRATIVE_NOT_REAL,OT-00011,IP10,23.1278,12.3834,33.8722,36.6,1.224,1.8,0.01,32.6594,0.9997,6,0,True,pass
SYNTHETIC_ILLUSTRATIVE_NOT_REAL,OT-00011,LDH_release,23.436,18.0162,28.8559,64.33,1.423,6.46,0.01,67.2467,0.9999,6,0,True,pass
SYNTHETIC_ILLUSTRATIVE_NOT_REAL,OT-00011,Lipid_OilRedO,24.0592,15.9542,32.1643,43.47,1.755,4.05,0.01,43.2868,0.9995,6,0,True,pass
SYNTHETIC_ILLUSTRATIVE_NOT_REAL,OT-00011,MCP1,9.1975,7.5888,10.8062,69.41,1.299,15.82,0.01,122.398,0.9998,6,0,True,pass
SYNTHETIC_ILLUSTRATIVE_NOT_REAL,OT-00011,Mitochondrial_JC1,16.7767,9.5881,23.9654,71.63,1.019,9.82,0.01,93.5851,0.9998,6,0,True,pass
SYNTHETIC_ILLUSTRATIVE_NOT_REAL,OT-00011,NK_CD69,18.0772,0.0,45.0755,35.36,1.888,13.16,0.01,69.7025,0.9909,6,0,True,pass
SYNTHETIC_ILLUSTRATIVE_NOT_REAL,OT-00011,RNAseq_hepatotoxicity,9.9702,0.0,4814.549,45.44,10.0,6.14,0.01,68.1553,0.997,6,0,True,pass
SYNTHETIC_ILLUSTRATIVE_NOT_REAL,OT-00011,ROS_CellROX,11.7515,7.3201,16.1829,38.68,1.252,8.11,0.01,62.7366,0.9995,6,0,True,pass
SYNTHETIC_ILLUSTRATIVE_NOT_REAL,OT-00011,TLR9_activation,85.3832,0.0,912.2699,63.69,0.732,12.26,0.01,72.622,0.9924,6,0,True,pass
SYNTHETIC_ILLUSTRATIVE_NOT_REAL,OT-00011,TNFa,22.8934,16.0709,29.7159,95.86,2.399,10.56,0.01,100.8431,0.9995,6,0,True,pass
SYNTHETIC_ILLUSTRATIVE_NOT_REAL,OT-00012,ALT_secretion,17.0729,15.3576,18.7882,73.14,2.018,8.76,0.01,87.5888,1.0,6,0,True,pass
SYNTHETIC_ILLUSTRATIVE_NOT_REAL,OT-00012,AST_secretion,27.8662,11.695,44.0374,101.45,1.271,14.03,0.01,114.3387,0.9995,6,0,True,pass
SYNTHETIC_ILLUSTRATIVE_NOT_REAL,OT-00012,Bile_transport_CDFDA,17.2557,15.1331,19.3782,70.38,1.256,1.58,0.01,64.306,1.0,6,0,True,pass
SYNTHETIC_ILLUSTRATIVE_NOT_REAL,OT-00012,C1q_binding,12.317,11.1307,13.5033,87.37,2.279,8.74,0.01,110.4931,0.9999,6,0,True,pass
SYNTHETIC_ILLUSTRATIVE_NOT_REAL,OT-00012,C3a,16.5253,0.0,36.8545,52.57,0.972,8.15,0.01,72.7625,0.9983,6,0,True,pass
SYNTHETIC_ILLUSTRATIVE_NOT_REAL,OT-00012,C5a,28.7843,21.6629,35.9058,58.07,3.04,1.96,0.01,42.0153,0.9996,6,0,True,pass
SYNTHETIC_ILLUSTRATIVE_NOT_REAL,OT-00012,Caspase_3_7,11.3559,8.8637,13.848,34.84,2.483,12.66,0.01,72.9228,0.9996,6,0,True,pass
SYNTHETIC_ILLUSTRATIVE_NOT_REAL,OT-00012,Cell_viability_ATPLite,15.9223,10.6089,21.2357,80.48,2.592,5.0,0.01,82.274,0.9996,6,0,True,pass
SYNTHETIC_ILLUSTRATIVE_NOT_REAL,OT-00012,GM_CSF,2.8382,1.9543,3.7221,35.06,1.712,13.08,0.01,86.3033,0.9997,6,0,True,pass
SYNTHETIC_ILLUSTRATIVE_NOT_REAL,OT-00012,Gene_module_hepatotox,28.9047,26.8212,30.9883,90.53,2.449,1.29,0.01,58.4058,1.0,6,0,True,pass
SYNTHETIC_ILLUSTRATIVE_NOT_REAL,OT-00012,HMGB1_release,18.4789,12.3303,24.6276,69.77,2.548,12.09,0.01,91.7786,0.9995,6,0,True,pass
SYNTHETIC_ILLUSTRATIVE_NOT_REAL,OT-00012,IFNa,0.4805,0.3952,0.5658,70.29,1.1,7.09,0.01,175.0032,0.9999,6,0,True,pass
SYNTHETIC_ILLUSTRATIVE_NOT_REAL,OT-00012,IFNg,4.2788,3.0478,5.5099,84.98,1.518,13.83,0.01,155.3938,0.9997,6,0,True,pass
SYNTHETIC_ILLUSTRATIVE_NOT_REAL,OT-00012,IL10,4.823,0.0,12.5138,63.47,2.388,4.44,0.01,99.1388,0.9966,6,0,True,pass
SYNTHETIC_ILLUSTRATIVE_NOT_REAL,OT-00012,IL12p70,3.8359,3.0215,4.6503,93.04,2.034,8.31,0.01,155.9203,0.9999,6,0,True,pass
SYNTHETIC_ILLUSTRATIVE_NOT_REAL,OT-00012,IL17A,1.6458,1.1711,2.1204,83.45,2.228,2.3,0.01,150.2413,0.9999,6,0,True,pass
SYNTHETIC_ILLUSTRATIVE_NOT_REAL,OT-00012,IL1b,3.6221,0.662,6.5822,50.43,1.271,4.88,0.01,85.5891,0.9973,6,0,True,pass
SYNTHETIC_ILLUSTRATIVE_NOT_REAL,OT-00012,IL4,0.3402,0.2244,0.456,63.63,0.878,3.2,0.01,160.3286,0.9997,6,0,True,pass
SYNTHETIC_ILLUSTRATIVE_NOT_REAL,OT-00012,IL6,2.1819,1.6168,2.747,82.88,1.8,2.23,0.01,141.6828,0.9998,6,0,True,pass
SYNTHETIC_ILLUSTRATIVE_NOT_REAL,OT-00012,IL8,0.2734,0.2187,0.3281,91.26,1.425,6.26,0.01,242.3832,0.9998,6,0,True,pass
SYNTHETIC_ILLUSTRATIVE_NOT_REAL,OT-00012,IP10,3.6428,3.074,4.2117,79.83,1.795,1.19,0.01,120.0526,0.9999,6,0,True,pass
SYNTHETIC_ILLUSTRATIVE_NOT_REAL,OT-00012,LDH_release,23.7421,8.0266,39.4575,35.85,1.946,15.02,0.01,73.9211,0.9979,6,0,True,pass
SYNTHETIC_ILLUSTRATIVE_NOT_REAL,OT-00012,Lipid_OilRedO,11.5377,0.0,72505.9916,38.72,10.0,0.8,0.01,34.8549,0.996,6,0,True,pass
SYNTHETIC_ILLUSTRATIVE_NOT_REAL,OT-00012,MCP1,1.8981,1.0915,2.7046,54.28,2.011,7.56,0.01,109.4863,0.9996,6,0,True,pass
SYNTHETIC_ILLUSTRATIVE_NOT_REAL,OT-00012,Mitochondrial_JC1,33.2879,30.208,36.3679,57.84,1.958,11.99,0.01,73.4422,0.9999,6,0,True,pass
SYNTHETIC_ILLUSTRATIVE_NOT_REAL,OT-00012,NK_CD69,0.2564,0.1765,0.3363,71.1,2.747,0.74,0.01,181.8201,0.9999,6,0,True,pass
SYNTHETIC_ILLUSTRATIVE_NOT_REAL,OT-00012,RNAseq_hepatotoxicity,11.2372,0.0,23.3145,31.18,2.178,5.41,0.01,46.7436,0.9901,6,0,True,pass
SYNTHETIC_ILLUSTRATIVE_NOT_REAL,OT-00012,ROS_CellROX,18.9834,0.0,41.1507,32.82,2.957,4.9,0.01,40.8368,0.9953,6,0,True,pass
SYNTHETIC_ILLUSTRATIVE_NOT_REAL,OT-00012,TLR9_activation,2.9499,0.0,6.1187,50.56,3.172,9.0,0.01,98.8855,0.9993,6,0,True,pass
SYNTHETIC_ILLUSTRATIVE_NOT_REAL,OT-00012,TNFa,1.2451,0.1696,2.3205,96.62,2.327,9.23,0.01,202.3826,0.9985,6,0,True,pass
SYNTHETIC_ILLUSTRATIVE_NOT_REAL,OT-00013,ALT_secretion,13.265,11.3927,15.1373,59.39,1.908,1.27,0.01,59.0741,0.9999,6,0,True,pass
SYNTHETIC_ILLUSTRATIVE_NOT_REAL,OT-00013,AST_secretion,28.0417,22.538,33.5454,48.11,2.135,12.06,0.01,70.1446,0.9997,6,0,True,pass
SYNTHETIC_ILLUSTRATIVE_NOT_REAL,OT-00013,Bile_transport_CDFDA,14.66,12.2029,17.1171,83.93,1.846,5.35,0.01,91.4728,0.9999,6,0,True,pass
SYNTHETIC_ILLUSTRATIVE_NOT_REAL,OT-00013,C1q_binding,1.5088,0.1217,2.8959,36.54,0.793,1.31,0.01,70.0521,0.9978,6,0,True,pass
SYNTHETIC_ILLUSTRATIVE_NOT_REAL,OT-00013,C3a,1.0174,0.6472,1.3877,61.03,1.184,1.15,0.01,123.3906,0.9992,6,0,True,pass
SYNTHETIC_ILLUSTRATIVE_NOT_REAL,OT-00013,C5a,1.0625,0.0,36440.3899,84.79,8.12,12.78,0.01,186.2973,0.9989,6,0,True,pass
SYNTHETIC_ILLUSTRATIVE_NOT_REAL,OT-00013,Caspase_3_7,13.0135,7.132,18.8949,82.57,2.715,8.32,0.01,101.6286,0.9993,6,0,True,pass
SYNTHETIC_ILLUSTRATIVE_NOT_REAL,OT-00013,Cell_viability_ATPLite,20.8863,0.0,42.04,34.33,2.238,5.03,0.01,40.9351,0.995,6,0,True,pass
SYNTHETIC_ILLUSTRATIVE_NOT_REAL,OT-00013,GM_CSF,11.3259,7.791,14.8609,51.07,2.623,3.63,0.01,62.3181,0.9993,6,0,True,pass
SYNTHETIC_ILLUSTRATIVE_NOT_REAL,OT-00013,Gene_module_hepatotox,23.2111,11.7124,34.7098,79.29,2.637,14.05,0.01,100.9812,0.9987,6,0,True,pass
SYNTHETIC_ILLUSTRATIVE_NOT_REAL,OT-00013,HMGB1_release,26.9204,19.1845,34.6564,72.25,1.64,14.18,0.01,94.0292,0.9997,6,0,True,pass
SYNTHETIC_ILLUSTRATIVE_NOT_REAL,OT-00013,IFNa,27.4732,16.2204,38.7261,54.85,2.27,12.27,0.01,76.0254,0.9988,6,0,True,pass
SYNTHETIC_ILLUSTRATIVE_NOT_REAL,OT-00013,IFNg,11.582,0.0,5912.1158,54.91,9.191,14.96,0.01,92.9695,0.9998,6,0,True,pass
SYNTHETIC_ILLUSTRATIVE_NOT_REAL,OT-00013,IL10,17.8351,5.7094,29.9609,53.76,2.756,8.64,0.01,68.282,0.9983,6,0,True,pass
SYNTHETIC_ILLUSTRATIVE_NOT_REAL,OT-00013,IL12p70,11.2242,0.0,76701.4355,37.61,10.0,6.36,0.01,52.6609,0.9958,6,0,True,pass
SYNTHETIC_ILLUSTRATIVE_NOT_REAL,OT-00013,IL17A,20.3797,11.0583,29.7011,46.72,0.916,1.84,0.01,44.5848,0.9999,6,0,True,pass
SYNTHETIC_ILLUSTRATIVE_NOT_REAL,OT-00013,IL1b,17.4485,0.0,35.484,46.33,3.754,2.55,0.01,42.569,0.9986,6,0,True,pass
SYNTHETIC_ILLUSTRATIVE_NOT_REAL,OT-00013,IL4,12.3457,8.6747,16.0166,38.04,2.268,3.15,0.01,46.3302,0.9995,6,0,True,pass
SYNTHETIC_ILLUSTRATIVE_NOT_REAL,OT-00013,IL6,14.1463,5.6909,22.6017,62.95,3.309,13.24,0.01,95.5843,0.9994,6,0,True,pass
SYNTHETIC_ILLUSTRATIVE_NOT_REAL,OT-00013,IL8,30.0032,23.6153,36.3912,52.66,1.267,14.31,0.01,81.501,0.9999,6,0,True,pass
SYNTHETIC_ILLUSTRATIVE_NOT_REAL,OT-00013,IP10,46.5493,0.0,218.5091,71.39,0.887,14.01,0.01,88.921,0.9964,6,0,True,pass
SYNTHETIC_ILLUSTRATIVE_NOT_REAL,OT-00013,LDH_release,17.8811,6.1451,29.6172,90.39,2.425,9.78,0.01,102.8841,0.9982,6,0,True,pass
SYNTHETIC_ILLUSTRATIVE_NOT_REAL,OT-00013,Lipid_OilRedO,20.8704,16.3577,25.3831,80.58,2.198,2.14,0.01,64.9836,0.9998,6,0,True,pass
SYNTHETIC_ILLUSTRATIVE_NOT_REAL,OT-00013,MCP1,13.6506,6.591,20.7102,62.78,1.721,7.24,0.01,79.7048,0.9988,6,0,True,pass
SYNTHETIC_ILLUSTRATIVE_NOT_REAL,OT-00013,Mitochondrial_JC1,20.3594,4.1142,36.6046,66.02,1.593,3.5,0.01,61.7627,0.998,6,0,True,pass
SYNTHETIC_ILLUSTRATIVE_NOT_REAL,OT-00013,NK_CD69,16.9462,5.0048,28.8876,46.82,2.813,3.42,0.01,47.7914,0.9984,6,0,True,pass
SYNTHETIC_ILLUSTRATIVE_NOT_REAL,OT-00013,RNAseq_hepatotoxicity,17.4548,3.0937,31.816,67.85,3.609,14.14,0.01,95.7581,0.999,6,0,True,pass
SYNTHETIC_ILLUSTRATIVE_NOT_REAL,OT-00013,ROS_CellROX,19.6812,15.7309,23.6315,86.93,1.745,11.74,0.01,104.1215,0.9998,6,0,True,pass
SYNTHETIC_ILLUSTRATIVE_NOT_REAL,OT-00013,TLR9_activation,12.0695,0.0,63096.5883,40.95,10.0,14.32,0.01,78.3269,0.9961,6,0,True,pass
SYNTHETIC_ILLUSTRATIVE_NOT_REAL,OT-00013,TNFa,17.476,10.6705,24.2814,86.07,1.849,11.54,0.01,105.7745,0.9994,6,0,True,pass
SYNTHETIC_ILLUSTRATIVE_NOT_REAL,OT-00014,ALT_secretion,9.0665,0.0,18.516,50.95,0.809,10.55,0.01,88.0664,0.9985,6,0,True,pass
SYNTHETIC_ILLUSTRATIVE_NOT_REAL,OT-00014,AST_secretion,14.6514,8.9715,20.3313,88.84,1.565,12.68,0.01,118.7054,0.9995,6,0,True,pass
SYNTHETIC_ILLUSTRATIVE_NOT_REAL,OT-00014,Bile_transport_CDFDA,11.4029,7.162,15.6438,50.59,2.624,3.28,0.01,59.9403,0.9991,6,0,True,pass
SYNTHETIC_ILLUSTRATIVE_NOT_REAL,OT-00014,C1q_binding,12.5655,0.0,25.3786,37.05,2.441,15.96,0.01,83.6241,0.9949,6,0,True,pass
SYNTHETIC_ILLUSTRATIVE_NOT_REAL,OT-00014,C3a,36.1565,26.9464,45.3666,52.18,2.273,7.17,0.01,51.5857,0.9993,6,0,True,pass
SYNTHETIC_ILLUSTRATIVE_NOT_REAL,OT-00014,C5a,13.5938,7.9432,19.2443,44.97,1.823,1.52,0.01,46.4779,0.9992,6,0,True,pass
SYNTHETIC_ILLUSTRATIVE_NOT_REAL,OT-00014,Caspase_3_7,38.3559,0.0,93.7226,28.9,1.772,9.21,0.01,46.412,0.9898,6,0,True,pass
SYNTHETIC_ILLUSTRATIVE_NOT_REAL,OT-00014,Cell_viability_ATPLite,58.7455,0.0,151.7797,40.57,2.331,12.12,0.01,58.4194,0.997,6,0,True,pass
SYNTHETIC_ILLUSTRATIVE_NOT_REAL,OT-00014,GM_CSF,2.4564,1.5782,3.3346,77.95,2.017,15.13,0.01,160.1227,0.9997,6,0,True,pass
SYNTHETIC_ILLUSTRATIVE_NOT_REAL,OT-00014,Gene_module_hepatotox,28.2529,10.5689,45.9369,31.89,2.869,8.55,0.01,47.9874,0.9975,6,0,True,pass
SYNTHETIC_ILLUSTRATIVE_NOT_REAL,OT-00014,HMGB1_release,34.7706,20.7339,48.8074,73.5,2.854,3.34,0.01,51.734,0.9983,6,0,True,pass
SYNTHETIC_ILLUSTRATIVE_NOT_REAL,OT-00014,IFNa,0.1153,0.042,0.1885,82.13,1.397,14.2,0.01,253.2705,0.9962,6,0,True,pass
SYNTHETIC_ILLUSTRATIVE_NOT_REAL,OT-00014,IFNg,4.3003,0.0,8.876,35.16,1.079,3.72,0.01,59.5352,0.9959,6,0,True,pass
SYNTHETIC_ILLUSTRATIVE_NOT_REAL,OT-00014,IL10,0.3384,0.142,0.5348,57.85,1.695,6.25,0.01,152.0164,0.9988,6,0,True,pass
SYNTHETIC_ILLUSTRATIVE_NOT_REAL,OT-00014,IL12p70,2.3516,1.5954,3.1078,68.51,1.802,0.55,0.01,112.2664,0.9997,6,0,True,pass
SYNTHETIC_ILLUSTRATIVE_NOT_REAL,OT-00014,IL17A,3.6837,2.5908,4.7766,93.6,1.63,12.15,0.01,167.7598,0.9997,6,0,True,pass
SYNTHETIC_ILLUSTRATIVE_NOT_REAL,OT-00014,IL1b,4.1868,2.3138,6.0599,36.22,2.177,9.37,0.01,75.7655,0.9996,6,0,True,pass
SYNTHETIC_ILLUSTRATIVE_NOT_REAL,OT-00014,IL4,0.1125,0.0,4891.8369,29.53,7.852,3.82,0.01,86.2883,0.9958,6,0,True,pass
SYNTHETIC_ILLUSTRATIVE_NOT_REAL,OT-00014,IL6,0.8298,0.0,2529.9136,54.03,6.94,14.39,0.01,148.1193,0.9995,6,0,True,pass
SYNTHETIC_ILLUSTRATIVE_NOT_REAL,OT-00014,IL8,3.158,1.6042,4.7117,38.76,0.9,0.08,0.01,59.8852,0.9993,6,0,True,pass
SYNTHETIC_ILLUSTRATIVE_NOT_REAL,OT-00014,IP10,0.5111,0.0,1.0293,64.29,2.304,5.78,0.01,159.3495,0.9988,6,0,True,pass
SYNTHETIC_ILLUSTRATIVE_NOT_REAL,OT-00014,LDH_release,53.9704,24.8693,83.0714,99.45,1.457,5.13,0.01,59.0365,0.9996,6,0,True,pass
SYNTHETIC_ILLUSTRATIVE_NOT_REAL,OT-00014,Lipid_OilRedO,41.8369,0.0,123.0179,43.44,4.773,11.57,0.01,61.9483,0.999,6,0,True,pass
SYNTHETIC_ILLUSTRATIVE_NOT_REAL,OT-00014,MCP1,1.7115,1.3427,2.0802,49.95,1.698,2.05,0.01,91.808,0.9998,6,0,True,pass
SYNTHETIC_ILLUSTRATIVE_NOT_REAL,OT-00014,Mitochondrial_JC1,44.3047,28.8762,59.7331,69.56,2.338,4.16,0.01,45.6938,0.9987,6,0,True,pass
SYNTHETIC_ILLUSTRATIVE_NOT_REAL,OT-00014,NK_CD69,0.8782,0.0,7267.262,34.37,7.223,1.9,0.01,79.0947,0.9988,6,0,True,pass
SYNTHETIC_ILLUSTRATIVE_NOT_REAL,OT-00014,RNAseq_hepatotoxicity,21.9318,0.0,73.238,23.52,3.051,10.14,0.01,50.4362,0.9777,6,0,True,pass
SYNTHETIC_ILLUSTRATIVE_NOT_REAL,OT-00014,ROS_CellROX,9.3923,1.0247,17.76,32.56,1.56,7.46,0.01,56.1798,0.9925,6,0,True,pass
SYNTHETIC_ILLUSTRATIVE_NOT_REAL,OT-00014,TLR9_activation,1.08,0.0,16236.1567,42.83,7.978,11.78,0.01,104.5031,0.9997,6,0,True,pass
SYNTHETIC_ILLUSTRATIVE_NOT_REAL,OT-00014,TNFa,4.5521,0.0,10.0914,80.38,2.746,6.27,0.01,129.6573,0.999,6,0,True,pass
SYNTHETIC_ILLUSTRATIVE_NOT_REAL,OT-00015,ALT_secretion,15.5042,6.8406,24.1678,36.28,1.686,5.47,0.01,48.1752,0.9988,6,0,True,pass
SYNTHETIC_ILLUSTRATIVE_NOT_REAL,OT-00015,AST_secretion,17.4272,0.2232,34.6311,51.29,1.531,13.29,0.01,83.7445,0.9971,6,0,True,pass
SYNTHETIC_ILLUSTRATIVE_NOT_REAL,OT-00015,Bile_transport_CDFDA,19.0775,11.9345,26.2204,58.95,3.111,7.47,0.01,67.6206,0.9996,6,0,True,pass
SYNTHETIC_ILLUSTRATIVE_NOT_REAL,OT-00015,C1q_binding,10.7415,0.0,20887.8269,47.95,10.0,0.6,0.01,46.4749,0.9996,6,0,True,pass
SYNTHETIC_ILLUSTRATIVE_NOT_REAL,OT-00015,C3a,28.8645,8.7256,49.0035,47.11,1.869,15.51,0.01,80.7695,0.9974,6,0,True,pass
SYNTHETIC_ILLUSTRATIVE_NOT_REAL,OT-00015,C5a,18.7471,4.2287,33.2655,49.19,1.556,15.08,0.01,87.2623,0.9982,6,0,True,pass
SYNTHETIC_ILLUSTRATIVE_NOT_REAL,OT-00015,Caspase_3_7,26.5725,13.5463,39.5987,43.36,1.218,4.59,0.01,44.8829,0.9997,6,0,True,pass
SYNTHETIC_ILLUSTRATIVE_NOT_REAL,OT-00015,Cell_viability_ATPLite,10.2633,0.0,42530.3526,57.22,10.0,13.88,0.01,100.8805,0.9948,6,0,True,pass
SYNTHETIC_ILLUSTRATIVE_NOT_REAL,OT-00015,GM_CSF,17.1129,0.0,34.2967,60.32,1.65,14.38,0.01,95.8874,0.9965,6,0,True,pass
SYNTHETIC_ILLUSTRATIVE_NOT_REAL,OT-00015,Gene_module_hepatotox,32.0734,21.242,42.9049,74.72,2.911,2.61,0.01,50.6368,0.9991,6,0,True,pass
SYNTHETIC_ILLUSTRATIVE_NOT_REAL,OT-00015,HMGB1_release,26.9291,3.2256,50.6326,51.28,1.254,13.77,0.01,80.1841,0.9989,6,0,True,pass
SYNTHETIC_ILLUSTRATIVE_NOT_REAL,OT-00015,IFNa,20.057,16.2745,23.8395,49.74,2.929,0.6,0.01,37.3287,0.9999,6,0,True,pass
SYNTHETIC_ILLUSTRATIVE_NOT_REAL,OT-00015,IFNg,12.3241,8.3485,16.2998,76.42,2.229,1.8,0.01,79.5933,0.9994,6,0,True,pass
SYNTHETIC_ILLUSTRATIVE_NOT_REAL,OT-00015,IL10,13.7214,4.3131,23.1297,70.88,1.712,14.49,0.01,108.792,0.9979,6,0,True,pass
SYNTHETIC_ILLUSTRATIVE_NOT_REAL,OT-00015,IL12p70,17.5963,15.2028,19.9897,55.03,1.499,12.25,0.01,84.0837,0.9999,6,0,True,pass
SYNTHETIC_ILLUSTRATIVE_NOT_REAL,OT-00015,IL17A,10.3396,7.6545,13.0248,27.26,2.031,10.37,0.01,58.9625,0.9991,6,0,True,pass
SYNTHETIC_ILLUSTRATIVE_NOT_REAL,OT-00015,IL1b,23.4288,20.5503,26.3072,86.52,2.818,3.8,0.01,70.2873,0.9999,6,0,True,pass
SYNTHETIC_ILLUSTRATIVE_NOT_REAL,OT-00015,IL4,10.3609,0.0,46224.189,42.89,10.0,2.2,0.01,49.9494,0.996,6,0,True,pass
SYNTHETIC_ILLUSTRATIVE_NOT_REAL,OT-00015,IL6,16.3208,0.0,34.6862,53.53,1.277,11.65,0.01,83.6627,0.9973,6,0,True,pass
SYNTHETIC_ILLUSTRATIVE_NOT_REAL,OT-00015,IL8,9.032,6.7186,11.3453,93.56,1.293,12.6,0.01,139.2286,0.9996,6,0,True,pass
SYNTHETIC_ILLUSTRATIVE_NOT_REAL,OT-00015,IP10,20.5665,12.9422,28.1909,43.02,1.626,12.49,0.01,73.1486,0.9995,6,0,True,pass
SYNTHETIC_ILLUSTRATIVE_NOT_REAL,OT-00015,LDH_release,21.6059,9.9823,33.2295,90.1,1.306,7.18,0.01,91.4824,0.9995,6,0,True,pass
SYNTHETIC_ILLUSTRATIVE_NOT_REAL,OT-00015,Lipid_OilRedO,26.2307,14.0594,38.4021,66.94,1.496,4.06,0.01,57.8982,0.9994,6,0,True,pass
SYNTHETIC_ILLUSTRATIVE_NOT_REAL,OT-00015,MCP1,30.4796,15.8552,45.104,32.6,1.628,4.1,0.01,33.7534,0.9992,6,0,True,pass
SYNTHETIC_ILLUSTRATIVE_NOT_REAL,OT-00015,Mitochondrial_JC1,18.1154,0.0,47.8544,49.03,1.212,13.15,0.01,83.1553,0.9954,6,0,True,pass
SYNTHETIC_ILLUSTRATIVE_NOT_REAL,OT-00015,NK_CD69,14.0437,0.0,33.9514,72.71,3.898,2.15,0.01,65.8626,0.9988,6,0,True,pass
SYNTHETIC_ILLUSTRATIVE_NOT_REAL,OT-00015,RNAseq_hepatotoxicity,23.0031,16.4296,29.5766,42.7,2.138,5.79,0.01,48.7841,0.9996,6,0,True,pass
SYNTHETIC_ILLUSTRATIVE_NOT_REAL,OT-00015,ROS_CellROX,13.0196,7.7052,18.334,69.51,1.483,7.2,0.01,87.3822,0.9993,6,0,True,pass
SYNTHETIC_ILLUSTRATIVE_NOT_REAL,OT-00015,TLR9_activation,14.9294,0.1432,29.7157,30.88,1.29,8.31,0.01,53.163,0.9976,6,0,True,pass
SYNTHETIC_ILLUSTRATIVE_NOT_REAL,OT-00015,TNFa,18.5425,14.4186,22.6664,78.19,2.356,7.14,0.01,83.1786,0.9998,6,0,True,pass
