DATA_STATUS,oligo_id,sequence,length,gc_content,a_freq,c_freq,g_freq,t_freq,cpg_count,cpg_freq,ga_freq,tc_freq,gg_freq,cc_freq,dinuc_entropy,max_poly_a,max_poly_g,max_poly_c,max_poly_t,max_purine_run,max_pyrimidine_run,g4_score,self_comp_index,mfe_estimate,tm_estimate,hybridization_dg,molecular_weight,net_charge_ph7,hydrophobicity_index,backbone_ps,backbone_po,backbone_pmo,backbone_lna_mix,backbone_pna,backbone_2f_ana,backbone_morpholino,sugar_dna,sugar_2ome,sugar_2f,sugar_lna,sugar_mixed,conjugate_none,conjugate_galnac,conjugate_cholesterol,conjugate_lipid,conjugate_antibody,is_gapmer,gap_length,wing_length_5p,wing_length_3p,offtarget_score
SYNTHETIC_ILLUSTRATIVE_NOT_REAL,OT-00001,ATAGTAACAAGTGGAGAAGACGGGA,25,0.44,0.44,0.08,0.36,0.12,1,0.0416666666666666,0.1666666666666666,0.0,0.125,0.0,3.2720552088742,2,3,1,1,8,1,1.0,0.08,-18.5,101.8,-15.725,8317.0,-24,2.6,1,0,0,0,0,0,0,0,0,0,0,1,0,0,0,1,0,0,0,0,0,0.0
SYNTHETIC_ILLUSTRATIVE_NOT_REAL,OT-00002,GGCGCTAATACCCAACTTA,19,0.4736842105263157,0.3157894736842105,0.3157894736842105,0.1578947368421052,0.2105263157894736,1,0.0555555555555555,0.0,0.0,0.0555555555555555,0.1111111111111111,3.350209029099897,2,2,3,2,2,3,0.0,0.2105263157894736,-13.5,104.8,-11.475,6140.8,-18,3.3,1,0,0,0,0,0,0,0,0,0,0,1,0,0,1,0,0,0,0,0,0,0.0
SYNTHETIC_ILLUSTRATIVE_NOT_REAL,OT-00003,GCTCGGGTTCCAA,13,0.6153846153846154,0.1538461538461538,0.3076923076923077,0.3076923076923077,0.2307692307692307,1,0.0833333333333333,0.0,0.1666666666666666,0.1666666666666666,0.0833333333333333,3.251629167387823,2,3,2,2,3,4,1.0,0.1538461538461538,-14.0,116.1,-11.9,4238.6,-12,0.3,1,0,0,0,0,0,0,1,0,0,0,0,0,1,0,0,0,0,0,0,0,0.0
SYNTHETIC_ILLUSTRATIVE_NOT_REAL,OT-00004,ACTCGTTCCTAAAACGACCTGGG,23,0.5217391304347826,0.2608695652173913,0.3043478260869565,0.217391304347826,0.217391304347826,2,0.0909090909090909,0.0454545454545454,0.0909090909090909,0.0909090909090909,0.0909090909090909,3.447401504705915,4,3,2,2,4,5,1.0,0.217391304347826,-20.0,105.8,-17.0,7456.6,-22,0.3,1,0,0,0,0,0,0,1,0,0,0,0,0,1,0,0,0,0,0,0,0,0.0
SYNTHETIC_ILLUSTRATIVE_NOT_REAL,OT-00005,GAAAACGAACAGACCATCCACT,22,0.4545454545454545,0.4545454545454545,0.3181818181818182,0.1363636363636363,0.0909090909090909,1,0.0476190476190476,0.1428571428571428,0.0476190476190476,0.0,0.0952380952380952,3.082328136858429,4,1,2,1,5,3,0.0,0.0909090909090909,-15.0,103.1,-12.75,7122.4,-21,0.8,1,0,0,0,0,0,0,0,0,0,0,1,1,0,0,0,0,1,9,6,6,0.0
SYNTHETIC_ILLUSTRATIVE_NOT_REAL,OT-00006,GTTGGGCGGGGTTTTTGGGGAAGGG,25,0.64,0.08,0.04,0.6,0.28,1,0.0416666666666666,0.0416666666666666,0.0,0.4166666666666667,0.0,2.550424108083221,2,4,1,5,9,5,4.0,0.08,-32.0,113.4,-27.2,8451.0,-24,0.3,1,0,0,0,0,0,0,0,0,1,0,0,0,1,0,0,0,0,0,0,0,0.0
SYNTHETIC_ILLUSTRATIVE_NOT_REAL,OT-00007,CCTATCGACGTCGTGC,16,0.625,0.125,0.375,0.25,0.25,3,0.2,0.0666666666666666,0.1333333333333333,0.0,0.0666666666666666,3.323231428797621,1,1,2,1,2,3,0.0,0.5,-15.0,110.3,-12.75,5169.2,-15,2.6,1,0,0,0,0,0,0,1,0,0,0,0,0,0,0,1,0,0,0,0,0,0.0
SYNTHETIC_ILLUSTRATIVE_NOT_REAL,OT-00008,GGGGGGTCGGGCGTCGGGGG,20,0.9,0.0,0.15,0.75,0.1,3,0.1578947368421052,0.0,0.1052631578947368,0.5789473684210527,0.0,1.784315128855494,0,6,1,1,6,2,3.0,0.1,-33.0,125.7,-28.05,6752.0,-19,0.3,1,0,0,0,0,0,0,0,0,0,0,1,0,1,0,0,0,0,0,0,0,0.0
SYNTHETIC_ILLUSTRATIVE_NOT_REAL,OT-00009,CGCTGGACGTACGCGTAGA,19,0.631578947368421,0.2105263157894736,0.2631578947368421,0.3684210526315789,0.1578947368421052,4,0.2222222222222222,0.1111111111111111,0.0,0.0555555555555555,0.0,3.169925001442312,1,2,1,1,3,2,0.0,0.4210526315789473,-18.0,110.5,-15.3,6237.8,-18,3.3,1,0,0,0,0,0,0,1,0,0,0,0,0,0,1,0,0,1,12,3,3,0.0
SYNTHETIC_ILLUSTRATIVE_NOT_REAL,OT-00010,ACTACGGAGT,10,0.5,0.3,0.2,0.3,0.2,1,0.1111111111111111,0.1111111111111111,0.0,0.1111111111111111,0.0,2.94770277922009,1,2,1,1,4,2,0.0,0.3,-7.5,112.1,-6.375,3312.0,-9,3.3,1,0,0,0,0,0,0,0,0,1,0,0,0,0,1,0,0,0,0,0,0,0.0
SYNTHETIC_ILLUSTRATIVE_NOT_REAL,OT-00011,CCCCTGCCCAAGAGTCCACCCCAAT,25,0.64,0.24,0.52,0.12,0.12,0,0.0,0.0416666666666666,0.0416666666666666,0.0,0.375,3.031453645923478,2,1,4,1,5,5,0.0,0.08,-24.0,113.4,-20.4,7957.0,-24,0.8,1,0,0,0,0,0,0,1,0,0,0,0,1,0,0,0,0,0,0,0,0,0.0
SYNTHETIC_ILLUSTRATIVE_NOT_REAL,OT-00012,TTTGTCGCCTTCACGC,16,0.5625,0.0625,0.375,0.1875,0.375,2,0.1333333333333333,0.0,0.1333333333333333,0.0,0.0666666666666666,3.1898980954642875,1,1,2,3,1,5,0.0,0.125,-13.5,111.2,-11.475,5135.2,-15,0.8,1,0,0,0,0,0,0,1,0,0,0,0,1,0,0,0,0,1,10,3,3,0.0
SYNTHETIC_ILLUSTRATIVE_NOT_REAL,OT-00013,GTTGCTGGGGGTTAAGT,17,0.5294117647058824,0.1176470588235294,0.0588235294117647,0.4705882352941176,0.3529411764705882,0,0.0,0.0,0.0,0.25,0.0,2.952819531114783,2,5,1,2,5,2,1.0,0.2352941176470588,-15.5,110.1,-13.175,5664.4,-16,0.3,1,0,0,0,0,0,0,0,0,0,0,1,0,1,0,0,0,0,0,0,0,0.0
SYNTHETIC_ILLUSTRATIVE_NOT_REAL,OT-00014,CCCGCTGCGAAGCGTTGCGCACTGA,25,0.68,0.16,0.36,0.32,0.16,4,0.1666666666666666,0.0833333333333333,0.0,0.0,0.0833333333333333,3.319773835029478,2,1,3,2,4,3,0.0,0.24,-25.5,114.0,-21.675,8174.0,-24,0.8,1,0,0,0,0,0,0,0,0,1,0,0,1,0,0,0,0,0,0,0,0,0.0
SYNTHETIC_ILLUSTRATIVE_NOT_REAL,OT-00015,CGGACAAACAGTGGTCCAGA,20,0.55,0.35,0.25,0.3,0.1,1,0.0526315789473684,0.1052631578947368,0.0526315789473684,0.1052631578947368,0.0526315789473684,3.3660913291191923,3,2,2,1,3,3,0.0,0.2,-16.5,108.3,-14.025,6560.0,-19,2.6,1,0,0,0,0,0,0,0,0,0,0,1,0,0,0,1,0,0,0,0,0,0.0
