oligo_id,sequence,backbone_class,sugar_mod,conjugate,gapmer_design,gapmer_gap,gapmer_wing_5p,gapmer_wing_3p,synthesis_vendor,purity_percent,mass_confirmed,endotoxin_eu_ml,batch_group,is_anchor
OT-00001,AAAGGGAAA,2F_ANA,mixed,none,,0,0,0,IDT,95.3,True,0.238,A,1
OT-00002,AGTATGCACATGTGGTCGGTG,2F_ANA,DNA,none,,0,0,0,IDT,97.2,True,0.009,B,1
OT-00003,GCGGGGGTGGCGGTGGG,morpholino,DNA,none,,0,0,0,IDT,97.7,True,0.312,C,1
OT-00004,ATTCGTCCGGTCAGAAAGTCATGTT,morpholino,DNA,lipid,,0,0,0,IDT,93.0,True,0.105,D,1
OT-00005,TCCAGTTGAGTGACATT,2F_ANA,mixed,none,,0,0,0,Eurofins,99.0,True,0.173,E,1
OT-00006,TTAAGAGTTGAGTA,PS,mixed,GalNAc,,0,0,0,IDT,98.2,True,0.123,A,1
OT-00007,GCGTCAAGGAGAAACG,PNA,LNA,none,,0,0,0,IDT,96.2,True,0.032,B,1
OT-00008,CTAACCGTACCA,2F_ANA,LNA,none,,0,0,0,Eurofins,98.2,True,0.041,C,1
OT-00009,TCTATTTTTA,PO,LNA,GalNAc,,0,0,0,IDT,94.7,True,0.184,D,1
OT-00010,GTGGGGTTGGCGGGGAGGTCT,morpholino,2OMe,none,,0,0,0,IDT,98.7,True,0.066,E,1
OT-00011,TGGAAGGCCCACTAGGAGGAC,2F_ANA,DNA,none,,0,0,0,Eurofins,95.5,True,0.008,A,1
OT-00012,GGTGATCGAAA,PMO,mixed,none,,0,0,0,Eurofins,93.2,True,0.069,B,1
OT-00013,AGCCTCGTGCGCATTGTGAACTTT,PMO,2OMe,lipid,,0,0,0,IDT,99.3,True,0.071,C,1
OT-00014,TCGTTTTTAGCTTTCGTTATC,2F_ANA,2F,none,,0,0,0,IDT,94.8,True,0.046,D,1
OT-00015,CACGTCACGAGCTTATAACGGT,PS,2OMe,none,,0,0,0,Eurofins,93.0,True,0.032,E,1
OT-00016,GGATGGCGAGC,PS,2OMe,cholesterol,,0,0,0,Eurofins,93.7,True,0.03,A,1
OT-00017,GGGGGGGGTGCAGGTGGGCAGTAG,LNA_mix,2OMe,lipid,,0,0,0,Eurofins,98.2,True,0.108,B,1
OT-00018,GTTTTATGCGAACGC,LNA_mix,LNA,cholesterol,,0,0,0,Eurofins,94.3,True,0.113,C,1
OT-00019,ATCTCTACGCTACAC,morpholino,2F,cholesterol,,0,0,0,Eurofins,94.9,True,0.028,D,1
OT-00020,CTATGCGCTGGTTCCCTTTTGT,LNA_mix,DNA,none,,0,0,0,Eurofins,97.1,True,0.017,E,1
OT-00021,CCCCCCAAATAAATGACACCGG,PO,2OMe,none,,0,0,0,IDT,92.1,True,0.017,A,0
OT-00022,GTCGGGATTGA,PNA,mixed,none,,0,0,0,Eurofins,97.0,True,0.4,B,0
OT-00023,GCTATGTGCGCT,PNA,LNA,GalNAc,,0,0,0,Eurofins,95.4,True,0.04,C,0
OT-00024,TTATACGATAATCTCAAGCTGC,morpholino,DNA,none,,0,0,0,Eurofins,93.0,True,0.013,D,0
OT-00025,GCGTGCCACGGAGCG,PO,mixed,none,,0,0,0,IDT,95.5,True,0.151,E,0
OT-00026,AAGCTGATCTCCACTAGAAG,morpholino,2F,none,,0,0,0,IDT,97.7,True,0.211,A,0
OT-00027,GGTCTGCGTATGCAGACG,PS,2F,lipid,4-10-4,10,4,4,Eurofins,96.2,True,0.059,B,0
OT-00028,GGGGTCCCCGTTGGGGGG,2F_ANA,LNA,none,,0,0,0,IDT,95.3,True,0.062,C,0
OT-00029,AAGTGATT,LNA_mix,2OMe,GalNAc,,0,0,0,Eurofins,95.1,True,0.203,D,0
OT-00030,GCACGCGT,PMO,mixed,none,,0,0,0,Eurofins,92.4,True,0.092,E,0
OT-00031,TCGGGCATGTAG,PS,LNA,lipid,,0,0,0,Eurofins,94.2,True,0.082,A,0
OT-00032,TGCAATATGA,PS,2F,cholesterol,,0,0,0,Eurofins,97.9,True,0.131,B,0
OT-00033,AGCTTTCTTGTCCTAGCG,LNA_mix,2F,none,,0,0,0,IDT,95.0,True,0.013,C,0
OT-00034,CCTTTGATATCAA,PNA,LNA,none,,0,0,0,IDT,92.2,True,0.005,D,0
OT-00035,ATCGACGTGTC,LNA_mix,mixed,none,,0,0,0,IDT,97.4,True,0.045,E,0
OT-00036,AATTGAACAACCCAGCGGAG,2F_ANA,LNA,none,,0,0,0,IDT,95.8,True,0.019,A,0
OT-00037,GATTCTCCTC,morpholino,2F,cholesterol,,0,0,0,Eurofins,97.2,True,0.129,B,0
OT-00038,GCGGAGCTTG,2F_ANA,2F,none,,0,0,0,IDT,94.3,True,0.053,C,0
OT-00039,TGAAGATACACCTC,PNA,mixed,none,,0,0,0,IDT,94.7,True,0.008,D,0
OT-00040,TCTCAAGGCTACCC,PMO,2F,cholesterol,,0,0,0,Eurofins,99.2,True,0.101,E,0
OT-00041,GCGCGGCGAA,morpholino,DNA,none,,0,0,0,Eurofins,97.2,True,0.205,A,0
OT-00042,ACGTCGCACGCCGGGTCGATC,PS,mixed,none,,0,0,0,IDT,97.8,True,0.073,B,0
OT-00043,TATGGTATTGCTGTATACTACAAAC,morpholino,2F,cholesterol,,0,0,0,IDT,95.4,True,0.038,C,0
OT-00044,ATTGCTCCC,LNA_mix,DNA,none,0-8-0,8,0,0,IDT,98.8,True,0.014,D,0
OT-00045,GGCGGCGGTGTCTTCGCCGA,PS,LNA,none,5-9-5,9,5,5,Eurofins,94.3,True,0.097,E,0
OT-00046,TGGGTTGTAGGCGGTGG,morpholino,DNA,none,,0,0,0,IDT,98.4,True,0.216,A,0
OT-00047,TGGGGGGACTC,morpholino,2OMe,none,,0,0,0,Eurofins,97.4,True,0.117,B,0
OT-00048,AGACCGGAAAGGC,PS,LNA,cholesterol,,0,0,0,Eurofins,96.4,True,0.045,C,0
OT-00049,ACCCAGACACGGACGTTAT,LNA_mix,DNA,GalNAc,4-11-4,11,4,4,IDT,95.1,True,0.007,D,0
OT-00050,CGCTTCGCA,morpholino,LNA,cholesterol,,0,0,0,IDT,95.7,True,0.097,E,0
