oligo_id,sequence,length,gc_content,a_freq,c_freq,g_freq,t_freq,cpg_count,cpg_freq,ga_freq,tc_freq,gg_freq,cc_freq,dinuc_entropy,max_poly_a,max_poly_g,max_poly_c,max_poly_t,max_purine_run,max_pyrimidine_run,g4_score,self_comp_index,mfe_estimate,tm_estimate,hybridization_dg,molecular_weight,net_charge_ph7,hydrophobicity_index,backbone_ps,backbone_po,backbone_pmo,backbone_lna_mix,backbone_pna,backbone_2f_ana,backbone_morpholino,sugar_dna,sugar_2ome,sugar_2f,sugar_lna,sugar_mixed,conjugate_none,conjugate_galnac,conjugate_cholesterol,conjugate_lipid,conjugate_antibody,is_gapmer,gap_length,wing_length_5p,wing_length_3p,offtarget_score
OT-00001,AAAGGGAAA,9,0.3333333333333333,0.6666666666666666,0.0,0.3333333333333333,0.0,0,0.0,0.125,0.0,0.25,0.0,1.75,3,3,0,0,9,0,1.0,0.0,-6.5,110.3,-5.5249999999999995,3028.8,-8,0.8,1,0,0,0,0,0,0,0,0,0,0,1,1,0,0,0,0,0,0,0,0,0.0
OT-00002,AGTATGCACATGTGGTCGGTG,21,0.5238095238095238,0.19047619047619047,0.14285714285714285,0.38095238095238093,0.2857142857142857,1,0.05,0.0,0.05,0.1,0.0,3.2219280948873625,1,2,1,1,2,2,0.0,0.38095238095238093,-16.5,107.2,-14.025,6933.2,-20,0.8,1,0,0,0,0,0,0,1,0,0,0,0,1,0,0,0,0,0,0,0,0,0.0
OT-00003,GCGGGGGTGGCGGTGGG,17,0.8823529411764706,0.0,0.11764705882352941,0.7647058823529411,0.11764705882352941,2,0.125,0.0,0.0,0.5,0.0,2.0,0,5,1,1,5,1,2.0,0.11764705882352941,-26.5,126.7,-22.525,5756.4,-16,0.8,1,0,0,0,0,0,0,1,0,0,0,0,1,0,0,0,0,0,0,0,0,0.0
OT-00004,ATTCGTCCGGTCAGAAAGTCATGTT,25,0.44,0.24,0.2,0.24,0.32,2,0.08333333333333333,0.041666666666666664,0.16666666666666666,0.041666666666666664,0.041666666666666664,3.41829583405449,3,2,2,2,6,3,0.0,0.16,-16.5,103.2,-14.025,8152.0,-24,2.6,1,0,0,0,0,0,0,1,0,0,0,0,0,0,0,1,0,0,0,0,0,0.0
OT-00005,TCCAGTTGAGTGACATT,17,0.4117647058823529,0.23529411764705882,0.17647058823529413,0.23529411764705882,0.35294117647058826,0,0.0,0.125,0.0625,0.0,0.0625,3.25,1,1,2,2,3,3,0.0,0.11764705882352941,-10.5,104.2,-8.924999999999999,5552.4,-16,0.8,1,0,0,0,0,0,0,0,0,0,0,1,1,0,0,0,0,0,0,0,0,0.0
OT-00006,TTAAGAGTTGAGTA,14,0.2857142857142857,0.35714285714285715,0.0,0.2857142857142857,0.35714285714285715,0,0.0,0.15384615384615385,0.0,0.0,0.0,2.7192945256669794,2,1,0,2,5,2,0.0,0.2857142857142857,-6.0,97.9,-5.1,4645.8,-13,0.30000000000000004,1,0,0,0,0,0,0,0,0,0,0,1,0,1,0,0,0,0,0,0,0,0.0
OT-00007,GCGTCAAGGAGAAACG,16,0.5625,0.375,0.1875,0.375,0.0625,2,0.13333333333333333,0.13333333333333333,0.06666666666666667,0.06666666666666667,0.0,3.1898980954642875,3,2,1,1,9,2,0.0,0.1875,-13.5,108.8,-11.475,5652.2,-15,0.8,1,0,0,0,0,0,0,0,0,0,1,0,1,0,0,0,0,0,0,0,0,0.0
OT-00008,CTAACCGTACCA,12,0.5,0.3333333333333333,0.4166666666666667,0.08333333333333333,0.16666666666666666,1,0.09090909090909091,0.0,0.0,0.0,0.18181818181818182,2.9139770731827523,2,1,2,1,2,2,0.0,0.3333333333333333,-9.0,108.1,-7.6499999999999995,4110.4,-11,0.8,1,0,0,0,0,0,0,0,0,0,1,0,1,0,0,0,0,0,0,0,0,0.0
OT-00009,TCTATTTTTA,10,0.1,0.2,0.1,0.0,0.7,0,0.0,0.0,0.1111111111111111,0.0,0.0,2.0588138903312014,1,0,1,5,1,5,0.0,0.2,-1.5,92.9,-1.275,3443.0,-9,0.30000000000000004,1,0,0,0,0,0,0,0,0,0,1,0,0,1,0,0,0,0,0,0,0,0.0
OT-00010,GTGGGGTTGGCGGGGAGGTCT,21,0.7142857142857143,0.047619047619047616,0.09523809523809523,0.6190476190476191,0.23809523809523808,1,0.05,0.05,0.05,0.4,0.0,2.7841837197791888,1,4,1,2,7,3,2.0,0.09523809523809523,-26.5,117.7,-22.525,7340.2,-20,0.8,1,0,0,0,0,0,0,0,1,0,0,0,1,0,0,0,0,0,0,0,0,0.0
OT-00011,TGGAAGGCCCACTAGGAGGAC,21,0.6190476190476191,0.2857142857142857,0.23809523809523808,0.38095238095238093,0.09523809523809523,0,0.0,0.15,0.0,0.2,0.1,3.2464393446710154,2,2,3,1,7,3,0.0,0.19047619047619047,-19.5,111.5,-16.575,6921.2,-20,0.8,1,0,0,0,0,0,0,1,0,0,0,0,1,0,0,0,0,0,0,0,0,0.0
OT-00012,GGTGATCGAAA,11,0.45454545454545453,0.36363636363636365,0.09090909090909091,0.36363636363636365,0.18181818181818182,1,0.1,0.2,0.1,0.1,0.0,2.9219280948873623,3,2,1,1,4,2,0.0,0.36363636363636365,-7.5,108.7,-6.375,3661.2,-10,0.8,1,0,0,0,0,0,0,0,0,0,0,1,1,0,0,0,0,0,0,0,0,0.0
OT-00013,AGCCTCGTGCGCATTGTGAACTTT,24,0.5,0.16666666666666666,0.25,0.25,0.3333333333333333,2,0.08695652173913043,0.043478260869565216,0.043478260869565216,0.0,0.043478260869565216,3.642489673166126,2,1,2,3,3,4,0.0,0.25,-18.0,107.2,-15.299999999999999,8134.8,-23,2.6,1,0,0,0,0,0,0,0,1,0,0,0,0,0,0,1,0,0,0,0,0,0.0
OT-00014,TCGTTTTTAGCTTTCGTTATC,21,0.3333333333333333,0.09523809523809523,0.19047619047619047,0.14285714285714285,0.5714285714285714,2,0.1,0.0,0.15,0.0,0.0,2.8016094970590277,1,1,1,5,2,5,0.0,0.19047619047619047,-10.5,97.7,-8.924999999999999,6817.2,-20,0.8,1,0,0,0,0,0,0,0,0,1,0,0,1,0,0,0,0,0,0,0,0,0.0
OT-00015,CACGTCACGAGCTTATAACGGT,22,0.5,0.2727272727272727,0.2727272727272727,0.22727272727272727,0.22727272727272727,3,0.14285714285714285,0.047619047619047616,0.047619047619047616,0.047619047619047616,0.0,3.653756708287001,2,2,1,2,3,3,0.0,0.2727272727272727,-16.5,104.2,-14.025,7459.4,-21,0.8,1,0,0,0,0,0,0,0,1,0,0,0,1,0,0,0,0,0,0,0,0,0.0
OT-00016,GGATGGCGAGC,11,0.7272727272727273,0.18181818181818182,0.18181818181818182,0.5454545454545454,0.09090909090909091,1,0.1,0.2,0.0,0.2,0.0,2.721928094887362,1,2,1,1,3,1,0.0,0.18181818181818182,-12.0,121.2,-10.2,3832.2,-10,3.3,1,0,0,0,0,0,0,0,1,0,0,0,0,0,1,0,0,0,0,0,0,0.0
OT-00017,GGGGGGGGTGCAGGTGGGCAGTAG,24,0.75,0.125,0.08333333333333333,0.6666666666666666,0.125,0,0.0,0.0,0.0,0.43478260869565216,0.0,2.4049073493961193,1,8,1,1,8,1,2.0,0.16666666666666666,-31.0,118.1,-26.349999999999998,8435.8,-23,2.6,1,0,0,0,0,0,0,0,1,0,0,0,0,0,0,1,0,0,0,0,0,0.0
OT-00018,GTTTTATGCGAACGC,15,0.4666666666666667,0.2,0.2,0.26666666666666666,0.3333333333333333,2,0.14285714285714285,0.07142857142857142,0.0,0.0,0.0,3.1820058147602133,2,1,1,4,3,4,0.0,0.2,-10.5,105.6,-8.924999999999999,5233.0,-14,3.3,1,0,0,0,0,0,0,0,0,0,1,0,0,0,1,0,0,0,0,0,0,0.0
OT-00019,ATCTCTACGCTACAC,15,0.4666666666666667,0.26666666666666666,0.4,0.06666666666666667,0.26666666666666666,1,0.07142857142857142,0.0,0.14285714285714285,0.0,0.0,2.8423709931771084,1,1,1,1,1,5,0.0,0.13333333333333333,-10.5,103.7,-8.924999999999999,4822.0,-14,3.3,1,0,0,0,0,0,0,0,0,1,0,0,0,0,1,0,0,0,0,0,0,0.0
OT-00020,CTATGCGCTGGTTCCCTTTTGT,22,0.5,0.045454545454545456,0.2727272727272727,0.22727272727272727,0.45454545454545453,1,0.047619047619047616,0.0,0.047619047619047616,0.047619047619047616,0.09523809523809523,3.27280432733462,1,2,3,4,2,9,0.0,0.18181818181818182,-16.5,106.7,-14.025,7106.4,-21,0.8,1,0,0,0,0,0,0,1,0,0,0,0,1,0,0,0,0,0,0,0,0,0.0
OT-00021,CCCCCCAAATAAATGACACCGG,22,0.5454545454545454,0.36363636363636365,0.4090909090909091,0.13636363636363635,0.09090909090909091,1,0.047619047619047616,0.047619047619047616,0.0,0.047619047619047616,0.2857142857142857,2.987090041620334,3,2,6,1,3,6,0.0,0.18181818181818182,-18.0,107.9,-15.299999999999999,7382.4,-21,0.8,1,0,0,0,0,0,0,0,1,0,0,0,1,0,0,0,0,0,0,0,0,0.0
OT-00022,GTCGGGATTGA,11,0.5454545454545454,0.18181818181818182,0.09090909090909091,0.45454545454545453,0.2727272727272727,1,0.1,0.2,0.1,0.2,0.0,2.9219280948873623,1,3,1,2,4,2,1.0,0.18181818181818182,-11.0,113.2,-9.35,3668.2,-10,0.8,1,0,0,0,0,0,0,0,0,0,0,1,1,0,0,0,0,0,0,0,0,0.0
OT-00023,GCTATGTGCGCT,12,0.5833333333333334,0.08333333333333333,0.25,0.3333333333333333,0.3333333333333333,1,0.09090909090909091,0.0,0.0,0.0,0.0,2.6635327548042547,1,1,1,1,1,2,0.0,0.3333333333333333,-10.5,114.7,-8.924999999999999,4188.4,-11,0.30000000000000004,1,0,0,0,0,0,0,0,0,0,1,0,0,1,0,0,0,0,0,0,0,0.0
OT-00024,TTATACGATAATCTCAAGCTGC,22,0.36363636363636365,0.3181818181818182,0.22727272727272727,0.13636363636363635,0.3181818181818182,1,0.047619047619047616,0.047619047619047616,0.09523809523809523,0.0,0.0,3.558518613048906,2,1,1,2,3,4,0.0,0.18181818181818182,-12.0,98.0,-10.2,7125.4,-21,0.8,1,0,0,0,0,0,0,1,0,0,0,0,1,0,0,0,0,0,0,0,0,0.0
OT-00025,GCGTGCCACGGAGCG,15,0.8,0.13333333333333333,0.3333333333333333,0.4666666666666667,0.06666666666666667,3,0.21428571428571427,0.07142857142857142,0.0,0.07142857142857142,0.07142857142857142,3.128085278891395,1,2,2,1,4,2,0.0,0.26666666666666666,-18.0,121.1,-15.299999999999999,4939.0,-14,0.8,1,0,0,0,0,0,0,0,0,0,0,1,1,0,0,0,0,0,0,0,0,0.0
OT-00026,AAGCTGATCTCCACTAGAAG,20,0.45,0.35,0.25,0.2,0.2,0,0.0,0.10526315789473684,0.10526315789473684,0.0,0.05263157894736842,3.4316235658474303,2,1,2,1,5,5,0.0,0.2,-13.5,102.5,-11.475,6550.0,-19,0.8,1,0,0,0,0,0,0,0,0,1,0,0,1,0,0,0,0,0,0,0,0,0.0
OT-00027,GGTCTGCGTATGCAGACG,18,0.6111111111111112,0.16666666666666666,0.2222222222222222,0.3888888888888889,0.2222222222222222,2,0.11764705882352941,0.058823529411764705,0.058823529411764705,0.058823529411764705,0.0,3.6168746059562222,1,2,1,1,3,3,0.0,0.3333333333333333,-16.5,110.1,-14.025,5959.6,-17,2.6,1,0,0,0,0,0,0,0,0,1,0,0,0,0,0,1,0,1,10,4,4,0.0
OT-00028,GGGGTCCCCGTTGGGGGG,18,0.8333333333333334,0.0,0.2222222222222222,0.6111111111111112,0.16666666666666666,1,0.058823529411764705,0.0,0.058823529411764705,0.47058823529411764,0.17647058823529413,2.278351811711312,0,6,4,2,6,5,2.0,0.2222222222222222,-26.5,124.5,-22.525,6392.6,-17,0.8,1,0,0,0,0,0,0,0,0,0,1,0,1,0,0,0,0,0,0,0,0,0.0
OT-00029,AAGTGATT,8,0.25,0.375,0.0,0.25,0.375,0,0.0,0.14285714285714285,0.0,0.0,0.0,2.807354922057604,2,1,0,2,3,2,0.0,0.25,-3.0,106.7,-2.55,2768.6,-7,0.30000000000000004,1,0,0,0,0,0,0,0,1,0,0,0,0,1,0,0,0,0,0,0,0,0.0
OT-00030,GCACGCGT,8,0.75,0.125,0.375,0.375,0.125,2,0.2857142857142857,0.0,0.0,0.0,0.0,2.2359263506290326,1,1,1,1,1,1,0.0,0.75,-9.0,127.8,-7.6499999999999995,2618.6,-7,0.8,1,0,0,0,0,0,0,0,0,0,0,1,1,0,0,0,0,0,0,0,0,0.0
OT-00031,TCGGGCATGTAG,12,0.5833333333333334,0.16666666666666666,0.16666666666666666,0.4166666666666667,0.25,1,0.09090909090909091,0.0,0.09090909090909091,0.18181818181818182,0.0,3.2776134368191157,1,3,1,1,3,2,1.0,0.3333333333333333,-12.5,114.0,-10.625,4237.4,-11,2.6,1,0,0,0,0,0,0,0,0,0,1,0,0,0,0,1,0,0,0,0,0,0.0
OT-00032,TGCAATATGA,10,0.3,0.4,0.1,0.2,0.3,0,0.0,0.1111111111111111,0.0,0.0,0.0,2.725480556997868,2,1,1,1,2,1,0.0,0.4,-4.5,105.0,-3.8249999999999997,3311.0,-9,3.3,1,0,0,0,0,0,0,0,0,1,0,0,0,0,1,0,0,0,0,0,0,0.0
OT-00033,AGCTTTCTTGTCCTAGCG,18,0.5,0.1111111111111111,0.2777777777777778,0.2222222222222222,0.3888888888888889,1,0.058823529411764705,0.0,0.11764705882352941,0.0,0.058823529411764705,3.175123135113461,1,1,2,3,2,7,0.0,0.2222222222222222,-13.5,106.6,-11.475,5860.6,-17,0.8,1,0,0,0,0,0,0,0,0,1,0,0,1,0,0,0,0,0,0,0,0,0.0
OT-00034,CCTTTGATATCAA,13,0.3076923076923077,0.3076923076923077,0.23076923076923078,0.07692307692307693,0.38461538461538464,0,0.0,0.08333333333333333,0.08333333333333333,0.0,0.08333333333333333,3.251629167387823,2,1,2,3,2,5,0.0,0.7692307692307693,-6.0,99.7,-5.1,4482.6,-12,0.8,1,0,0,0,0,0,0,0,0,0,1,0,1,0,0,0,0,0,0,0,0,0.0
OT-00035,ATCGACGTGTC,11,0.5454545454545454,0.18181818181818182,0.2727272727272727,0.2727272727272727,0.2727272727272727,2,0.2,0.1,0.2,0.0,0.0,2.7219280948873625,1,1,1,1,2,2,0.0,0.36363636363636365,-9.0,111.3,-7.6499999999999995,3588.2,-10,0.8,1,0,0,0,0,0,0,0,0,0,0,1,1,0,0,0,0,0,0,0,0,0.0
OT-00036,AATTGAACAACCCAGCGGAG,20,0.5,0.4,0.25,0.25,0.1,1,0.05263157894736842,0.10526315789473684,0.0,0.05263157894736842,0.10526315789473684,3.4713544870139286,2,2,3,2,4,3,0.0,0.2,-15.0,107.1,-12.75,6984.0,-19,0.8,1,0,0,0,0,0,0,0,0,0,1,0,1,0,0,0,0,0,0,0,0,0.0
OT-00037,GATTCTCCTC,10,0.5,0.1,0.4,0.1,0.4,0,0.0,0.1111111111111111,0.3333333333333333,0.0,0.1111111111111111,2.4193819456463714,1,1,2,2,2,8,0.0,0.2,-7.5,108.5,-6.375,3214.0,-9,3.3,1,0,0,0,0,0,0,0,0,1,0,0,0,0,1,0,0,0,0,0,0,0.0
OT-00038,GCGGAGCTTG,10,0.7,0.1,0.2,0.5,0.2,1,0.1111111111111111,0.1111111111111111,0.0,0.1111111111111111,0.0,2.94770277922009,1,2,1,2,4,3,0.0,0.4,-10.5,120.7,-8.924999999999999,3344.0,-9,0.8,1,0,0,0,0,0,0,0,0,1,0,0,1,0,0,0,0,0,0,0,0,0.0
OT-00039,TGAAGATACACCTC,14,0.42857142857142855,0.35714285714285715,0.2857142857142857,0.14285714285714285,0.21428571428571427,0,0.0,0.15384615384615385,0.07692307692307693,0.0,0.07692307692307693,3.3927474104487847,2,1,2,1,5,4,0.0,0.14285714285714285,-9.0,103.3,-7.6499999999999995,4535.8,-13,0.8,1,0,0,0,0,0,0,0,0,0,0,1,1,0,0,0,0,0,0,0,0,0.0
OT-00040,TCTCAAGGCTACCC,14,0.5714285714285714,0.21428571428571427,0.42857142857142855,0.14285714285714285,0.21428571428571427,0,0.0,0.0,0.15384615384615385,0.07692307692307693,0.15384615384615385,3.238901256602631,2,2,3,1,4,4,0.0,0.14285714285714285,-12.0,111.8,-10.2,4515.8,-13,3.3,1,0,0,0,0,0,0,0,0,1,0,0,0,0,1,0,0,0,0,0,0,0.0
OT-00041,GCGCGGCGAA,10,0.8,0.2,0.3,0.5,0.0,3,0.3333333333333333,0.1111111111111111,0.0,0.1111111111111111,0.0,2.113283334294875,2,2,1,0,3,1,0.0,0.4,-12.0,127.0,-10.2,3318.0,-9,0.8,1,0,0,0,0,0,0,1,0,0,0,0,1,0,0,0,0,0,0,0,0,0.0
OT-00042,ACGTCGCACGCCGGGTCGATC,21,0.7142857142857143,0.14285714285714285,0.38095238095238093,0.3333333333333333,0.14285714285714285,5,0.25,0.05,0.15,0.1,0.05,3.1037016960573487,1,3,2,1,3,2,1.0,0.19047619047619047,-24.5,115.0,-20.825,6824.2,-20,0.8,1,0,0,0,0,0,0,0,0,0,0,1,1,0,0,0,0,0,0,0,0,0.0
OT-00043,TATGGTATTGCTGTATACTACAAAC,25,0.32,0.32,0.16,0.16,0.36,0,0.0,0.0,0.0,0.041666666666666664,0.0,3.2568665431825226,3,2,1,2,3,2,0.0,0.24,-12.0,94.9,-10.2,8185.0,-24,3.3,1,0,0,0,0,0,0,0,0,1,0,0,0,0,1,0,0,0,0,0,0,0.0
OT-00044,ATTGCTCCC,9,0.5555555555555556,0.1111111111111111,0.4444444444444444,0.1111111111111111,0.3333333333333333,0,0.0,0.0,0.125,0.0,0.25,2.75,1,1,3,2,1,5,0.0,0.2222222222222222,-7.5,119.1,-6.375,2873.8,-8,0.8,1,0,0,0,0,0,0,1,0,0,0,0,1,0,0,0,0,1,8,0,0,0.0
OT-00045,GGCGGCGGTGTCTTCGCCGA,20,0.75,0.05,0.3,0.45,0.2,4,0.21052631578947367,0.05263157894736842,0.10526315789473684,0.15789473684210525,0.05263157894736842,3.1158340921632197,1,2,2,2,2,5,0.0,0.25,-22.5,118.1,-19.125,7006.0,-19,0.8,1,0,0,0,0,0,0,0,0,0,1,0,1,0,0,0,0,1,9,5,5,0.0
OT-00046,TGGGTTGTAGGCGGTGG,17,0.6470588235294118,0.058823529411764705,0.058823529411764705,0.5882352941176471,0.29411764705882354,1,0.0625,0.0,0.0,0.3125,0.0,2.6800365325772657,1,3,1,2,3,2,1.0,0.11764705882352941,-18.5,115.3,-15.725,5705.4,-16,0.8,1,0,0,0,0,0,0,1,0,0,0,0,1,0,0,0,0,0,0,0,0,0.0
OT-00047,TGGGGGGACTC,11,0.7272727272727273,0.09090909090909091,0.18181818181818182,0.5454545454545454,0.18181818181818182,0,0.0,0.1,0.1,0.5,0.0,2.1609640474436813,1,6,1,1,7,3,1.0,0.18181818181818182,-14.0,124.1,-11.9,3823.2,-10,0.8,1,0,0,0,0,0,0,0,1,0,0,0,1,0,0,0,0,0,0,0,0,0.0
OT-00048,AGACCGGAAAGGC,13,0.6153846153846154,0.38461538461538464,0.23076923076923078,0.38461538461538464,0.0,1,0.08333333333333333,0.16666666666666666,0.0,0.16666666666666666,0.08333333333333333,2.918295834054489,3,2,2,0,7,2,0.0,0.3076923076923077,-12.0,115.7,-10.2,4591.6,-12,3.3,1,0,0,0,0,0,0,0,0,0,1,0,0,0,1,0,0,0,0,0,0,0.0
OT-00049,ACCCAGACACGGACGTTAT,19,0.5263157894736842,0.3157894736842105,0.3157894736842105,0.21052631578947367,0.15789473684210525,2,0.1111111111111111,0.1111111111111111,0.0,0.05555555555555555,0.1111111111111111,3.281036112553423,1,2,3,2,3,3,0.0,0.21052631578947367,-15.0,107.8,-12.75,6165.8,-18,0.30000000000000004,1,0,0,0,0,0,0,1,0,0,0,0,0,1,0,0,0,1,11,4,4,0.0
OT-00050,CGCTTCGCA,9,0.6666666666666666,0.1111111111111111,0.4444444444444444,0.2222222222222222,0.2222222222222222,2,0.25,0.0,0.125,0.0,0.0,2.5,1,1,1,2,1,4,0.0,0.2222222222222222,-9.0,121.8,-7.6499999999999995,3096.8,-8,3.3,1,0,0,0,0,0,0,0,0,0,1,0,0,0,1,0,0,0,0,0,0,0.0
